client_rank,round,cpu_time,ram_used_mb,net_sent_bytes,net_recv_bytes,gpu_mem_used_mb,gpu_load,timestamp
1,1,103.10999999940395,3004.792832,63955,87346,38939.0,0.0,2025-08-20 13:08:41
2,1,278.92000000178814,2971.951104,28161,55734,38939.0,0.0,2025-08-20 13:08:41
3,1,35.37999999895692,2833.707008,43958,52585,38937.0,0.0,2025-08-20 13:08:36
4,1,32.15999999828637,2828.550144,41976,60599,38937.0,0.0,2025-08-20 13:08:38
5,1,56.729999996721745,2978.65216,75436,101446,38939.0,0.0,2025-08-20 13:08:40
6,1,304.929999999702,2929.54112,40952,64089,38939.0,0.0,2025-08-20 13:08:40
7,1,147.45000000298023,2939.33056,47406,75182,38939.0,0.0,2025-08-20 13:08:41
8,1,64.06999999983236,2945.323008,451235,88632393,38939.0,0.0,2025-08-20 13:08:42
9,1,67.95999999996275,2977.849344,975041,239843491,38939.0,0.0,2025-08-20 13:08:45
10,1,35.02000000001863,2831.826944,6313,1315877,38937.0,0.0,2025-08-20 13:08:36
11,1,81.18999999994412,3124.6336,1017536,251415211,38939.0,0.0,2025-08-20 13:08:46
12,1,79.48000000044703,3002.806272,48211,73957,38939.0,0.01,2025-08-20 13:08:41
13,1,58.81000000005588,2918.182912,105727,101626,38939.0,0.0,2025-08-20 13:08:41
14,1,199.089999999851,2981.482496,55618,86135,38939.0,0.0,2025-08-20 13:08:43
15,1,332.93999999947846,2916.171776,16000,67303,38939.0,0.0,2025-08-20 13:08:43
16,1,67.24000000208616,2951.606272,13635,66089,38939.0,0.0,2025-08-20 13:08:41
17,1,42.25999999791384,3055.587328,35666,43904,38937.0,0.5,2025-08-20 13:08:38
18,1,142.45000000298023,2889.990144,78238,78939,38939.0,0.0,2025-08-20 13:08:41
19,1,160.30000000447035,3087.679488,75635,78157,38939.0,0.0,2025-08-20 13:08:42
20,1,164.6900000013411,3089.973248,152314,125051,38939.0,0.0,2025-08-20 13:08:43
1,2,55.189999997615814,3262.734336,15431,46927,38939.0,0.0,2025-08-20 13:08:59
2,2,189.9699999988079,3193.532416,73263,56566,38939.0,0.0,2025-08-20 13:08:59
3,2,26.12000000104308,3008.012288,63489,54355,38939.0,0.0,2025-08-20 13:08:56
4,2,25.02000000141561,3003.731968,1083,33352,38939.0,0.0,2025-08-20 13:08:58
5,2,37.980000000447035,3233.632256,24401,40874,38939.0,0.0,2025-08-20 13:08:59
6,2,213.48000000417233,3194.892288,3911,38656,38939.0,0.0,2025-08-20 13:08:59
7,2,97.92000000178814,3152.285696,32753,34644,38939.0,0.0,2025-08-20 13:08:59
8,2,38.199999999953434,3222.110208,1388,38371,38939.0,0.0,2025-08-20 13:08:59
9,2,33.700000000186265,3228.925952,67019,53166,38939.0,0.01,2025-08-20 13:08:59
10,2,26.32999999995809,3009.531904,1583,25470,38939.0,0.0,2025-08-20 13:08:56
11,2,44.61999999999534,3426.46784,8902,50474,38939.0,0.0,2025-08-20 13:09:00
12,2,84.41000000014901,3251.294208,40350,82302,38939.0,0.0,2025-08-20 13:09:06
13,2,38.31000000005588,3142.115328,1151,38481,38939.0,0.0,2025-08-20 13:08:59
14,2,134.62999999895692,3261.845504,73237,61686,38939.0,0.0,2025-08-20 13:08:59
15,2,193.20000000018626,3134.001152,35671,47500,38939.0,0.0,2025-08-20 13:08:58
16,2,46.52999999374151,3197.018112,46494,66840,38939.0,0.0,2025-08-20 13:08:59
17,2,40.41000000014901,3236.335616,3601,43272,38939.0,0.5,2025-08-20 13:09:01
18,2,89.14999999850988,3130.892288,851,33302,38939.0,0.0,2025-08-20 13:08:58
19,2,121.24000000208616,3353.014272,41152,61174,38939.0,0.0,2025-08-20 13:09:01
20,2,131.6899999976158,3366.866944,9777,59389,38939.0,0.0,2025-08-20 13:09:02
1,3,60.43000000715256,3399.737344,139750,126976,38941.0,0.0,2025-08-20 13:09:19
2,3,216.57000000029802,3360.186368,4475,45287,38941.0,0.0,2025-08-20 13:09:18
3,3,27.09000000357628,3114.0864,1881,25392,38939.0,0.01,2025-08-20 13:09:14
4,3,25.109999999403954,3114.909696,53411,65710,38939.0,0.0,2025-08-20 13:09:16
5,3,44.980000004172325,3373.248512,33567,42525,38941.0,0.0,2025-08-20 13:09:19
6,3,223.07000000029802,3326.869504,108148,94524,38941.0,0.0,2025-08-20 13:09:18
7,3,113.74000000208616,3335.057408,33974,73930,38941.0,0.0,2025-08-20 13:09:18
8,3,43.96999999973923,3386.42944,32134,69863,38941.0,0.0,2025-08-20 13:09:18
9,3,39.45999999996275,3369.099264,2117,42379,38941.0,0.0,2025-08-20 13:09:19
10,3,27.779999999969732,3107.852288,39805,44422,38939.0,0.01,2025-08-20 13:09:14
11,3,49.97999999998137,3637.805056,108285,101046,38941.0,0.0,2025-08-20 13:09:19
12,3,75.76999999769032,3385.634816,81909,83688,38941.0,0.0,2025-08-20 13:09:19
13,3,43.15000000037253,3294.097408,34603,42873,38941.0,0.0,2025-08-20 13:09:18
14,3,152.0200000004843,3438.891008,41157,58792,38941.0,0.0,2025-08-20 13:09:18
15,3,219.7000000011176,3269.128192,75276,70027,38941.0,0.0,2025-08-20 13:09:18
16,3,51.82999999821186,3321.315328,54443,131530,38941.0,0.0,2025-08-20 13:09:18
17,3,39.980000000447035,3331.444736,9281,53320,38939.0,0.49,2025-08-20 13:09:18
18,3,287.28999999910593,3284.52096,179718,6635269,38941.0,0.0,2025-08-20 13:09:38
19,3,156.03999999165535,3507.085312,68087,98930,38941.0,0.0,2025-08-20 13:09:22
20,3,156.2199999988079,3617.263616,13046,74679,38941.0,0.01,2025-08-20 13:09:23
1,4,45.60999999940395,3640.684544,40020,47869,38943.0,0.0,2025-08-20 13:09:49
2,4,183.74000000208616,3568.799744,1107,40274,38943.0,0.0,2025-08-20 13:09:49
3,4,27.230000004172325,3274.391552,1006,32004,38939.0,0.0,2025-08-20 13:09:47
4,4,21.009999999776483,3274.89536,33590,33061,38939.0,0.0,2025-08-20 13:09:47
5,4,39.91000000014901,3626.975232,33646,41589,38943.0,0.0,2025-08-20 13:09:50
6,4,215.42999999970198,3576.901632,42152,54363,38943.0,0.0,2025-08-20 13:09:49
7,4,98.53999999165535,3528.757248,1392,40641,38943.0,0.0,2025-08-20 13:09:49
8,4,38.81000000005588,3628.658688,6894,45716,38943.0,0.0,2025-08-20 13:09:49
9,4,35.269999999552965,3627.626496,5638,47398,38943.0,0.0,2025-08-20 13:09:50
10,4,27.149999999965075,3273.383936,43413,52725,38939.0,0.0,2025-08-20 13:09:47
11,4,47.54999999998836,3914.330112,41209,60278,38941.0,0.0,2025-08-20 13:09:52
12,4,65.04000000096858,3631.04256,36047,43325,38941.0,0.0,2025-08-20 13:09:49
13,4,37.74000000022352,3501.228032,54280,62937,38941.0,0.0,2025-08-20 13:09:49
14,4,134.97000000067055,3642.687488,30663,69660,38941.0,0.0,2025-08-20 13:09:50
15,4,237.82000000029802,3467.382784,33314,51082,38941.0,0.0,2025-08-20 13:09:51
16,4,47.10999999940395,3588.739072,41051,49640,38943.0,0.0,2025-08-20 13:09:49
17,4,32.769999999552965,3568.439296,3518,36926,38939.0,0.49,2025-08-20 13:09:48
18,4,90.80000000447035,3511.361536,2571,42432,38941.0,0.0,2025-08-20 13:09:49
19,4,126.27000000327826,3740.32384,2937,51112,38943.0,0.0,2025-08-20 13:09:51
20,4,121.73999999836087,3889.209344,8274,59926,38943.0,0.0,2025-08-20 13:09:52
1,5,48.100000001490116,3792.408576,22284,50380,38943.0,0.0,2025-08-20 13:10:02
2,5,191.99000000208616,3736.502272,41506,54546,38943.0,0.0,2025-08-20 13:10:02
3,5,40.55000000074506,3369.054208,107543,89092,38941.0,0.01,2025-08-20 13:10:03
4,5,20.470000000670552,3360.083968,1884,24410,38941.0,0.0,2025-08-20 13:09:59
5,5,98.62000000476837,3777.82272,77307,134695,38943.0,0.0,2025-08-20 13:10:21
6,5,207.98000000417233,3710.885888,38677,48855,38943.0,0.0,2025-08-20 13:10:02
7,5,96.28999999910593,3668.471808,50679,54820,38943.0,0.0,2025-08-20 13:10:02
8,5,39.14999999990687,3777.245184,1106,36132,38943.0,0.0,2025-08-20 13:10:02
9,5,37.54000000003725,3763.040256,36201,54613,38943.0,0.0,2025-08-20 13:10:03
10,5,26.580000000074506,3378.72896,81998,42839,38941.0,0.0,2025-08-20 13:09:59
11,5,45.31999999994878,4147.847168,6658,48172,38943.0,0.0,2025-08-20 13:10:04
12,5,49.669999999925494,3755.245568,940,37021,38943.0,0.0,2025-08-20 13:10:02
13,5,39.640000000130385,3644.833792,3615,37085,38943.0,0.0,2025-08-20 13:10:02
14,5,132.410000000149,3821.740032,43023,59628,38943.0,0.0,2025-08-20 13:10:02
15,5,520.8799999998882,3611.553792,111197,145897,38943.0,0.0,2025-08-20 13:10:17
16,5,46.67999999970198,3723.935744,8224,43204,38943.0,0.0,2025-08-20 13:10:02
17,5,31.530000001192093,3670.646784,5775,34458,38941.0,0.52,2025-08-20 13:10:01
18,5,91.12000000476837,3627.23328,36923,35025,38943.0,0.0,2025-08-20 13:10:02
19,5,126.35999999940395,3968.364544,73291,63858,38943.0,0.0,2025-08-20 13:10:04
20,5,131.67000000178814,4048.101376,55081,63418,38943.0,0.0,2025-08-20 13:10:05
1,6,46.88000000268221,4002.484224,6474,44709,38945.0,0.0,2025-08-20 13:10:32
2,6,190.95000000298023,3997.016064,44277,53071,38945.0,0.0,2025-08-20 13:10:31
3,6,24.059999994933605,3551.731712,34045,27505,38941.0,0.0,2025-08-20 13:10:28
4,6,20.509999999776483,3523.710976,1824,26267,38941.0,0.0,2025-08-20 13:10:29
5,6,39.019999999552965,3995.271168,1084,38986,38945.0,0.0,2025-08-20 13:10:32
6,6,210.49000000208616,3970.49856,2414,40520,38945.0,0.0,2025-08-20 13:10:31
7,6,98.93999999761581,3911.8848,32678,39361,38945.0,0.0,2025-08-20 13:10:31
8,6,38.06999999983236,3972.399104,1202,34551,38945.0,0.0,2025-08-20 13:10:31
9,6,40.17999999970198,3977.99424,84115,95237,38945.0,0.01,2025-08-20 13:10:34
10,6,25.330000000016298,3547.262976,61763,51519,38941.0,0.0,2025-08-20 13:10:28
11,6,51.30999999999767,4353.335296,13236,66432,38945.0,0.0,2025-08-20 13:10:35
12,6,57.62999999895692,4020.174848,734,38832,38945.0,0.0,2025-08-20 13:10:31
13,6,40.860000000335276,3846.053888,2305,43716,38945.0,0.0,2025-08-20 13:10:32
14,6,136.8099999986589,4006.404096,77786,64622,38945.0,0.0,2025-08-20 13:10:32
15,6,184.1499999994412,3844.7104,39601,53734,38945.0,0.01,2025-08-20 13:10:31
16,6,44.45000000298023,3911.983104,7146,44517,38945.0,0.0,2025-08-20 13:10:31
17,6,33.80000000074506,3890.372608,10488,45919,38941.0,0.49,2025-08-20 13:10:31
18,6,101.53999999910593,3851.075584,51383,61317,38945.0,0.0,2025-08-20 13:10:32
19,6,118.97000000625849,4168.912896,113964,74437,38945.0,0.0,2025-08-20 13:10:33
20,6,220.65000000223517,4276.969472,165573,168171,38945.0,0.0,2025-08-20 13:10:44
1,7,41.70000000298023,4211.03616,5489,44782,38945.0,0.0,2025-08-20 13:10:55
2,7,192.65999999642372,4143.230976,49089,48715,38945.0,0.0,2025-08-20 13:10:55
3,7,26.049999997019768,3643.00288,772,28305,38941.0,0.0,2025-08-20 13:10:52
4,7,20.569999998435378,3618.73408,52767,34135,38941.0,0.0,2025-08-20 13:10:52
5,7,40.610000003129244,4120.293376,32826,39878,38945.0,0.0,2025-08-20 13:10:55
6,7,202.86000000685453,4140.58496,44766,60219,38945.0,0.0,2025-08-20 13:10:55
7,7,91.88000000268221,4085.1456,3826,39916,38945.0,0.0,2025-08-20 13:10:54
8,7,39.18999999994412,4143.169536,1871,40561,38945.0,0.0,2025-08-20 13:10:55
9,7,36.390000000130385,4189.581312,44780,49735,38945.0,0.0,2025-08-20 13:10:55
10,7,26.510000000009313,3647.602688,700,26862,38941.0,0.0,2025-08-20 13:10:52
11,7,45.570000000006985,4566.462464,43209,57046,38945.0,0.0,2025-08-20 13:10:56
12,7,59.22999999858439,4201.885696,88199,59627,38945.0,0.0,2025-08-20 13:10:55
13,7,41.0,4009.730048,3016,38753,38945.0,0.0,2025-08-20 13:10:55
14,7,133.80999999959022,4233.043968,35302,40725,38945.0,0.0,2025-08-20 13:10:55
15,7,198.56000000052154,3990.65088,4036,38959,38945.0,0.0,2025-08-20 13:10:54
16,7,44.43000000715256,4105.519104,77069,58397,38945.0,0.01,2025-08-20 13:10:55
17,7,56.08000000193715,4056.993792,14831,35812,38941.0,0.43,2025-08-20 13:10:53
18,7,95.76999999582767,3970.727936,2071,39719,38945.0,0.0,2025-08-20 13:10:55
19,7,104.6600000038743,4432.429056,1323,42728,38945.0,0.01,2025-08-20 13:10:56
20,7,130.70999999716878,4513.533952,10312,62723,38945.0,0.0,2025-08-20 13:10:58
1,8,43.20000000298023,4466.937856,10011,46271,38947.0,0.01,2025-08-20 13:11:08
2,8,196.46000000089407,4385.947648,40808,51049,38947.0,0.0,2025-08-20 13:11:08
3,8,24.92000000178814,3807.780864,44959,44622,38941.0,0.0,2025-08-20 13:11:04
4,8,68.9400000013411,3793.620992,118215,199513,38943.0,0.0,2025-08-20 13:11:26
5,8,39.48999999836087,4369.207296,52674,62367,38947.0,0.01,2025-08-20 13:11:08
6,8,214.73999999463558,4369.649664,2658,38199,38947.0,0.0,2025-08-20 13:11:07
7,8,98.57000000029802,4334.190592,55019,61377,38947.0,0.0,2025-08-20 13:11:08
8,8,38.61999999987893,4353.572864,122876,74864,38947.0,0.0,2025-08-20 13:11:07
9,8,35.82000000029802,4406.358016,6678,41078,38947.0,0.0,2025-08-20 13:11:08
10,8,24.510000000009313,3812.143104,720,25624,38941.0,0.0,2025-08-20 13:11:04
11,8,45.42000000004191,4860.27264,45860,80307,38947.0,0.0,2025-08-20 13:11:09
12,8,56.730000000447035,4423.278592,40544,56775,38947.0,0.0,2025-08-20 13:11:08
13,8,37.47000000020489,4223.893504,44624,52979,38947.0,0.0,2025-08-20 13:11:07
14,8,138.5,4450.607104,24889,43389,38947.0,0.0,2025-08-20 13:11:08
15,8,193.5800000000745,4190.695424,1392,34643,38947.0,0.0,2025-08-20 13:11:07
16,8,45.189999997615814,4351.848448,64446,61014,38947.0,0.0,2025-08-20 13:11:07
17,8,35.11999999731779,4216.610816,49533,43046,38943.0,0.5,2025-08-20 13:11:07
18,8,97.92999999970198,4195.979264,72654,57633,38947.0,0.0,2025-08-20 13:11:08
19,8,103.70000000298023,4642.553856,81200,64387,38947.0,0.0,2025-08-20 13:11:08
20,8,118.36999999731779,4752.572416,83776,75478,38947.0,0.0,2025-08-20 13:11:09
1,9,32.689999990165234,4538.806272,14969,51326,38949.0,0.0,2025-08-20 13:11:37
2,9,170.52000000327826,4466.991104,42068,54445,38949.0,0.0,2025-08-20 13:11:37
3,9,26.359999999403954,3915.10016,42070,43793,38943.0,0.01,2025-08-20 13:11:33
4,9,21.299999998882413,3890.475008,42575,45652,38943.0,0.0,2025-08-20 13:11:34
5,9,41.20999999716878,4538.728448,74902,86031,38949.0,0.0,2025-08-20 13:11:37
6,9,223.80999998748302,4441.112576,39474,55558,38949.0,0.0,2025-08-20 13:11:37
7,9,103.95000000298023,4452.39296,44010,61015,38949.0,0.0,2025-08-20 13:11:37
8,9,40.43999999994412,4508.684288,75689,57240,38949.0,0.0,2025-08-20 13:11:37
9,9,36.43999999994412,4484.878336,37974,52168,38949.0,0.0,2025-08-20 13:11:37
10,9,27.660000000032596,3919.171584,19413,31730,38943.0,0.0,2025-08-20 13:11:33
11,9,45.38999999995576,5043.011584,9217,49754,38947.0,0.0,2025-08-20 13:11:38
12,9,50.60999999940395,4499.88608,58243,67493,38947.0,0.0,2025-08-20 13:11:37
13,9,39.919999999925494,4382.486528,49003,60358,38947.0,0.0,2025-08-20 13:11:36
14,9,132.1699999999255,4598.259712,42873,61248,38949.0,0.01,2025-08-20 13:11:37
15,9,198.6800000006333,4336.541696,10854,35152,38947.0,0.0,2025-08-20 13:11:36
16,9,44.91999999433756,4458.508288,8031,49096,38949.0,0.0,2025-08-20 13:11:37
17,9,31.46000000089407,4346.699776,40901,37954,38943.0,0.5,2025-08-20 13:11:35
18,9,93.07000000029802,4372.656128,77876,58052,38947.0,0.0,2025-08-20 13:11:36
19,9,106.94999999552965,4747.452416,67448,61656,38949.0,0.0,2025-08-20 13:11:38
20,9,122.91000000014901,4920.254464,116499,105103,38949.0,0.0,2025-08-20 13:11:39
1,10,31.759999997913837,4757.536768,80660,60487,38949.0,0.01,2025-08-20 13:11:49
2,10,192.1199999973178,4725.18656,3698,39961,38949.0,0.0,2025-08-20 13:11:49
3,10,25.139999996870756,4080.3328,776,26786,38943.0,0.0,2025-08-20 13:11:46
4,10,21.269999999552965,4059.693056,35070,33446,38943.0,0.0,2025-08-20 13:11:47
5,10,38.50999999791384,4755.10784,34809,40092,38949.0,0.0,2025-08-20 13:11:49
6,10,174.76999999582767,4692.856832,42340,56864,38949.0,0.0,2025-08-20 13:11:49
7,10,95.21000000089407,4650.76224,15817,45875,38949.0,0.0,2025-08-20 13:11:49
8,10,37.72000000020489,4731.24864,1110,38966,38949.0,0.0,2025-08-20 13:11:49
9,10,40.419999999925494,4733.485056,1930,48931,38949.0,0.01,2025-08-20 13:11:51
10,10,24.89000000001397,4079.992832,42740,45894,38943.0,0.0,2025-08-20 13:11:46
11,10,56.45000000001164,5272.920064,64589,74651,38949.0,0.0,2025-08-20 13:11:54
12,10,64.99000000022352,4734.820352,33301,39642,38949.0,0.0,2025-08-20 13:11:49
13,10,37.27000000001863,4581.167104,32421,39716,38949.0,0.0,2025-08-20 13:11:49
14,10,135.910000000149,4825.501696,41222,70687,38949.0,0.0,2025-08-20 13:11:49
15,10,188.10999999940395,4536.99584,32549,39831,38949.0,0.0,2025-08-20 13:11:49
16,10,43.03999999910593,4671.893504,80724,59824,38949.0,0.0,2025-08-20 13:11:49
17,10,89.2800000011921,4535.525376,50397,119699,38943.0,0.5,2025-08-20 13:12:07
18,10,93.43000000715256,4579.303424,40580,49842,38949.0,0.0,2025-08-20 13:11:49
19,10,102.72000000625849,4981.645312,3099,44918,38949.0,0.0,2025-08-20 13:11:50
20,10,112.14000000059605,5215.444992,11295,51300,38949.0,0.0,2025-08-20 13:11:51
1,11,32.6600000038743,4984.819712,126171,113941,38951.0,0.0,2025-08-20 13:12:18
2,11,205.76999999582767,4922.810368,15477,52925,38951.0,0.0,2025-08-20 13:12:18
3,11,24.799999997019768,4252.196864,1584,25990,38943.0,0.0,2025-08-20 13:12:14
4,11,22.12000000104308,4230.3488,63785,73794,38943.0,0.0,2025-08-20 13:12:15
5,11,39.87999999895692,4940.197888,33051,42901,38951.0,0.0,2025-08-20 13:12:18
6,11,245.89999999850988,4861.845504,106158,93094,38951.0,0.0,2025-08-20 13:12:19
7,11,106.22000000625849,4862.951424,31976,69677,38951.0,0.0,2025-08-20 13:12:18
8,11,40.02999999979511,4900.069376,29608,70471,38951.0,0.0,2025-08-20 13:12:18
9,11,34.52999999979511,4931.97312,848,42906,38951.0,0.0,2025-08-20 13:12:18
10,11,25.429999999993015,4243.468288,39318,48937,38943.0,0.0,2025-08-20 13:12:15
11,11,46.47000000003027,5489.47968,68365,87932,38951.0,0.0,2025-08-20 13:12:19
12,11,71.19999999925494,4975.37024,57597,52722,38951.0,0.0,2025-08-20 13:12:18
13,11,37.20999999996275,4788.031488,34483,43515,38949.0,0.0,2025-08-20 13:12:17
14,11,149.35999999940395,4985.217024,40792,58062,38951.0,0.0,2025-08-20 13:12:19
15,11,227.0800000000745,4721.577984,61255,74874,38949.0,0.0,2025-08-20 13:12:19
16,11,46.690000005066395,4885.733376,29598,69013,38951.0,0.0,2025-08-20 13:12:18
17,11,32.44999999925494,4761.325568,858,37808,38945.0,0.54,2025-08-20 13:12:17
18,11,103.14000000059605,4774.342656,32301,75208,38951.0,0.0,2025-08-20 13:12:19
19,11,112.90999999642372,5095.632896,67755,89714,38951.0,0.0,2025-08-20 13:12:19
20,11,121.80000000074506,5382.28736,8764,56352,38951.0,0.0,2025-08-20 13:12:20
1,12,33.230000004172325,5118.582784,9452,48130,38953.0,0.0,2025-08-20 13:12:30
2,12,187.40999999642372,5095.436288,70795,82662,38951.0,0.0,2025-08-20 13:12:30
3,12,26.470000002533197,4305.641472,59206,29941,38945.0,0.0,2025-08-20 13:12:28
4,12,21.110000003129244,4288.724992,3246,26614,38945.0,0.0,2025-08-20 13:12:28
5,12,298.8200000040233,5118.582784,361484,516058,38951.0,0.0,2025-08-20 13:13:52
6,12,215.43000000715256,5055.639552,15630,45403,38951.0,0.0,2025-08-20 13:12:30
7,12,102.98000000417233,5000.327168,55288,47439,38951.0,0.0,2025-08-20 13:12:31
8,12,39.109999999869615,5092.790272,21689,45752,38953.0,0.0,2025-08-20 13:12:30
9,12,36.6999999997206,5119.700992,112575,86364,38951.0,0.0,2025-08-20 13:12:30
10,12,27.76999999996042,4317.3888,63062,56751,38945.0,0.0,2025-08-20 13:12:28
11,12,47.48999999999069,5667.586048,3735,48193,38951.0,0.0,2025-08-20 13:12:32
12,12,48.190000001341105,5117.394944,1486,43687,38951.0,0.0,2025-08-20 13:12:31
13,12,42.57000000029802,4896.489472,39203,60490,38951.0,0.0,2025-08-20 13:12:32
14,12,123.81000000052154,5182.951424,71719,57600,38951.0,0.0,2025-08-20 13:12:30
15,12,203.9799999995157,4849.901568,40197,53076,38951.0,0.0,2025-08-20 13:12:30
16,12,44.6600000038743,5061.947392,24305,39164,38951.0,0.0,2025-08-20 13:12:30
17,12,37.32999999821186,4871.667712,2372,43820,38945.0,0.5,2025-08-20 13:12:31
18,12,96.36999999731779,4888.518656,34305,44777,38951.0,0.0,2025-08-20 13:12:31
19,12,106.74000000208616,5364.994048,34968,61124,38951.0,0.0,2025-08-20 13:12:32
20,12,120.06999999657273,5498.159104,42773,57225,38951.0,0.0,2025-08-20 13:12:32
1,13,34.439999997615814,5351.411712,53522,119888,38953.0,0.0,2025-08-20 13:14:03
2,13,191.94999999552965,5260.55424,43528,56961,38953.0,0.0,2025-08-20 13:14:03
3,13,25.770000003278255,4461.887488,32499,53994,38945.0,0.01,2025-08-20 13:14:00
4,13,20.59999999962747,4448.776192,1262,25238,38945.0,0.0,2025-08-20 13:14:00
5,13,51.94999999552965,5285.376,50810,76161,38953.0,0.0,2025-08-20 13:14:07
6,13,257.49000000208616,5219.278848,14724,47734,38953.0,0.0,2025-08-20 13:14:04
7,13,54.479999996721745,5255.544832,103005,61183,38953.0,0.0,2025-08-20 13:14:03
8,13,44.8499999998603,5258.420224,91260,81514,38953.0,0.0,2025-08-20 13:14:05
9,13,36.56999999983236,5317.36576,47496,61480,38953.0,0.0,2025-08-20 13:14:04
10,13,25.680000000051223,4469.788672,35021,27303,38945.0,0.0,2025-08-20 13:14:00
11,13,50.72000000003027,5855.06816,23430,65773,38953.0,0.0,2025-08-20 13:14:06
12,13,63.53000000119209,5334.91712,1468,38934,38953.0,0.0,2025-08-20 13:14:04
13,13,44.08000000054017,5108.645888,56651,72545,38953.0,0.0,2025-08-20 13:14:05
14,13,173.02999999932945,5386.89536,45579,70996,38953.0,0.01,2025-08-20 13:14:06
15,13,199.11999999918044,5058.53952,35822,52471,38953.0,0.0,2025-08-20 13:14:03
16,13,45.73999999463558,5215.944704,26556,51849,38953.0,0.0,2025-08-20 13:14:03
17,13,32.06999999657273,5056.753664,35158,36578,38945.0,0.5,2025-08-20 13:14:02
18,13,128.6199999973178,5096.738816,73595,74836,38953.0,0.0,2025-08-20 13:14:07
19,13,123.28999999910593,5548.511232,82766,103573,38953.0,0.0,2025-08-20 13:14:05
20,13,121.78999999910593,5772.419072,43013,59235,38953.0,0.0,2025-08-20 13:14:05
1,14,42.690000005066395,5591.150592,99748,104301,38955.0,0.0,2025-08-20 13:14:19
2,14,184.56999999284744,5533.270016,1185,37521,38955.0,0.01,2025-08-20 13:14:19
3,14,24.33000000193715,4627.177472,828,20671,38945.0,0.0,2025-08-20 13:14:15
4,14,20.43999999947846,4615.122944,29550,52663,38945.0,0.0,2025-08-20 13:14:16
5,14,43.189999997615814,5524.508672,32780,42363,38955.0,0.0,2025-08-20 13:14:20
6,14,208.84999999403954,5492.944896,105616,85029,38955.0,0.0,2025-08-20 13:14:19
7,14,30.990000002086163,5428.699136,3125,38341,38955.0,0.01,2025-08-20 13:14:19
8,14,38.579999999841675,5561.46688,29643,65456,38955.0,0.01,2025-08-20 13:14:19
9,14,37.06999999983236,5542.928384,16065,46104,38955.0,0.0,2025-08-20 13:14:20
10,14,25.400000000023283,4638.158848,39232,39542,38945.0,0.0,2025-08-20 13:14:16
11,14,45.24999999994179,5990.469632,40683,55448,38953.0,0.0,2025-08-20 13:14:20
12,14,63.02999999932945,5559.160832,60974,66163,38953.0,0.0,2025-08-20 13:14:19
13,14,41.609999999869615,5313.224704,32334,42539,38953.0,0.01,2025-08-20 13:14:20
14,14,142.20999999996275,5561.83552,1324,46108,38955.0,0.0,2025-08-20 13:14:20
15,14,196.49000000022352,5253.193728,61217,66221,38953.0,0.0,2025-08-20 13:14:18
16,14,47.15999999642372,5491.068928,68969,73442,38955.0,0.0,2025-08-20 13:14:19
17,14,31.640000000596046,5275.774976,3145,33699,38947.0,0.5,2025-08-20 13:14:18
18,14,93.96000000089407,5285.265408,30104,69906,38953.0,0.0,2025-08-20 13:14:19
19,14,114.75000000745058,5710.655488,30137,73798,38955.0,0.0,2025-08-20 13:14:20
20,14,115.92000000178814,6008.901632,10581,51235,38955.0,0.0,2025-08-20 13:14:20
1,15,51.65999999642372,5628.555264,49292,62729,38955.0,0.0,2025-08-20 13:14:32
2,15,191.07999999821186,5617.979392,82065,65550,38955.0,0.0,2025-08-20 13:14:31
3,15,26.54000000283122,4697.796608,33072,27537,38947.0,0.0,2025-08-20 13:14:29
4,15,21.509999999776483,4690.49344,1046,26329,38947.0,0.0,2025-08-20 13:14:29
5,15,38.11999999731779,5673.488384,929,39312,38955.0,0.0,2025-08-20 13:14:31
6,15,214.2199999988079,5572.38272,10484,43782,38955.0,0.0,2025-08-20 13:14:31
7,15,30.649999998509884,5548.797952,60112,97643,38955.0,0.0,2025-08-20 13:14:32
8,15,37.80999999982305,5640.105984,3130,39239,38955.0,0.0,2025-08-20 13:14:31
9,15,36.25,5628.096512,66497,80745,38955.0,0.0,2025-08-20 13:14:32
10,15,28.15999999997439,4701.642752,109137,71925,38947.0,0.0,2025-08-20 13:14:29
11,15,47.82999999995809,6136.414208,13274,57655,38955.0,0.0,2025-08-20 13:14:34
12,15,51.400000002235174,5607.600128,923,39410,38955.0,0.0,2025-08-20 13:14:32
13,15,39.5,5426.704384,3184,39866,38955.0,0.0,2025-08-20 13:14:32
14,15,165.54000000003725,5701.144576,42561,71395,38955.0,0.0,2025-08-20 13:14:34
15,15,202.6000000005588,5379.05152,49462,58135,38955.0,0.0,2025-08-20 13:14:31
16,15,44.019999995827675,5606.21568,3726,41609,38955.0,0.0,2025-08-20 13:14:31
17,15,30.800000000745058,5390.221312,1342,30695,38947.0,0.5,2025-08-20 13:14:30
18,15,97.04000000655651,5427.26144,76089,62097,38955.0,0.0,2025-08-20 13:14:32
19,15,124.5599999949336,5929.549824,76441,72455,38955.0,0.0,2025-08-20 13:14:35
20,15,122.91000000014901,6132.609024,58707,69730,38955.0,0.0,2025-08-20 13:14:34
1,16,49.5,5869.75232,131299,100180,38957.0,0.0,2025-08-20 13:14:45
2,16,199.39999999850988,5872.361472,805,37457,38957.0,0.0,2025-08-20 13:14:45
3,16,25.79000000283122,4857.839616,40630,42078,38947.0,0.0,2025-08-20 13:14:42
4,16,21.740000002086163,4844.76928,28873,32139,38947.0,0.0,2025-08-20 13:14:43
5,16,38.46000000089407,5904.551936,1888,38067,38957.0,0.01,2025-08-20 13:14:45
6,16,219.78999999910593,5821.7472,33090,41276,38957.0,0.0,2025-08-20 13:14:45
7,16,29.390000000596046,5789.556736,2867,41064,38957.0,0.0,2025-08-20 13:14:45
8,16,37.859999999869615,5867.507712,2473,39957,38957.0,0.0,2025-08-20 13:14:45
9,16,33.95999999996275,5824.7168,3475,40854,38957.0,0.0,2025-08-20 13:14:45
10,16,46.53000000002794,4872.101888,43165,76716,38947.0,0.0,2025-08-20 13:14:49
11,16,44.14000000001397,6399.586304,79880,72044,38957.0,0.0,2025-08-20 13:14:46
12,16,63.37999999895692,5826.850816,992,38738,38957.0,0.0,2025-08-20 13:14:45
13,16,38.080000000074506,5602.975744,61279,66795,38955.0,0.0,2025-08-20 13:14:45
14,16,168.06000000052154,5978.578944,43297,82985,38957.0,0.0,2025-08-20 13:14:48
15,16,197.2299999995157,5555.462144,34393,39389,38955.0,0.0,2025-08-20 13:14:45
16,16,43.979999996721745,5815.160832,32831,49107,38957.0,0.0,2025-08-20 13:14:45
17,16,30.899999998509884,5563.785216,6599,39475,38947.0,0.5,2025-08-20 13:14:44
18,16,82.54000000655651,5641.916416,2104,38160,38957.0,0.0,2025-08-20 13:14:45
19,16,104.3399999961257,6211.039232,927,44171,38957.0,0.0,2025-08-20 13:14:46
20,16,124.10000000149012,6337.814528,38314,84621,38957.0,0.0,2025-08-20 13:14:47
1,17,49.96999999880791,6076.33408,37650,75121,38959.0,0.0,2025-08-20 13:14:59
2,17,193.34000000357628,6084.206592,74184,58434,38959.0,0.0,2025-08-20 13:14:59
3,17,26.109999999403954,5027.40992,61882,53973,38947.0,0.0,2025-08-20 13:14:56
4,17,21.820000000298023,5030.342656,1056,29764,38947.0,0.0,2025-08-20 13:14:57
5,17,55.189999993890524,6106.25536,2967,64440,38959.0,0.0,2025-08-20 13:15:04
6,17,246.6900000050664,6048.530432,1378,38157,38957.0,0.0,2025-08-20 13:15:00
7,17,35.75,6033.268736,34768,40046,38959.0,0.0,2025-08-20 13:14:59
8,17,41.01000000000931,6089.129984,1617,43235,38959.0,0.0,2025-08-20 13:15:00
9,17,38.37000000011176,6075.142144,69206,57974,38959.0,0.0,2025-08-20 13:15:01
10,17,24.649999999965075,5025.427456,1293,25662,38947.0,0.0,2025-08-20 13:14:56
11,17,43.95000000001164,6677.188608,3483,44683,38957.0,0.0,2025-08-20 13:15:00
12,17,45.37000000104308,6075.727872,5991,43480,38957.0,0.0,2025-08-20 13:14:59
13,17,39.97000000020489,5826.187264,1218,38500,38957.0,0.0,2025-08-20 13:15:00
14,17,145.5,6186.196992,74138,62341,38957.0,0.0,2025-08-20 13:15:00
15,17,193.3300000000745,5766.627328,35785,48011,38957.0,0.0,2025-08-20 13:14:59
16,17,45.0,6038.016,47476,59387,38959.0,0.0,2025-08-20 13:14:59
17,17,28.780000001192093,5761.830912,41230,38566,38949.0,0.55,2025-08-20 13:14:57
18,17,82.1600000038743,5841.645568,2186,39285,38957.0,0.0,2025-08-20 13:14:59
19,17,149.53999999910593,6456.352768,76205,76770,38959.0,0.0,2025-08-20 13:15:04
20,17,227.26999999955297,6613.086208,131631,157396,38957.0,0.0,2025-08-20 13:15:13
1,18,42.29000000655651,6223.6672,107241,110451,38959.0,0.0,2025-08-20 13:15:24
2,18,215.60999999940395,6165.31968,76626,76823,38959.0,0.0,2025-08-20 13:15:24
3,18,24.96000000461936,5190.135808,594,20874,38947.0,0.0,2025-08-20 13:15:20
4,18,27.009999999776483,5186.31424,69815,49364,38949.0,0.0,2025-08-20 13:15:23
5,18,42.94999999552965,6203.564032,32965,42538,38959.0,0.0,2025-08-20 13:15:24
6,18,249.01999999582767,6119.09632,83485,68865,38959.0,0.01,2025-08-20 13:15:24
7,18,40.07999999821186,6114.73408,3973,38385,38959.0,0.0,2025-08-20 13:15:23
8,18,40.77999999979511,6202.568704,1938,41913,38959.0,0.0,2025-08-20 13:15:24
9,18,36.609999999869615,6184.128512,32970,42933,38959.0,0.0,2025-08-20 13:15:24
10,18,25.440000000060536,5196.427264,745,25370,38949.0,0.0,2025-08-20 13:15:20
11,18,46.53000000002794,6817.292288,40494,55708,38959.0,0.0,2025-08-20 13:15:25
12,18,51.599999997764826,6203.961344,115194,88776,38959.0,0.0,2025-08-20 13:15:24
13,18,57.54000000003725,6045.249536,41006,76862,38959.0,0.0,2025-08-20 13:15:29
14,18,277.93999999947846,6285.467648,112648,113247,38959.0,0.0,2025-08-20 13:15:34
15,18,194.18999999947846,6018.412544,32478,38325,38957.0,0.0,2025-08-20 13:15:23
16,18,47.67999999970198,6143.71328,82102,63853,38959.0,0.0,2025-08-20 13:15:24
17,18,33.9700000025332,5814.145024,15508,40613,38949.0,0.5,2025-08-20 13:15:23
18,18,86.91999999433756,6047.612928,30977,66238,38959.0,0.0,2025-08-20 13:15:23
19,18,135.2199999988079,6499.377152,54525,80726,38959.0,0.0,2025-08-20 13:15:26
20,18,121.05000000447035,6768.676864,11052,55838,38959.0,0.0,2025-08-20 13:15:25
1,19,41.76000000536442,6441.295872,122972,104738,38961.0,0.0,2025-08-20 13:15:46
2,19,192.32999999821186,6374.109184,37534,49526,38961.0,0.0,2025-08-20 13:15:46
3,19,27.679999999701977,5221.756928,868,24818,38949.0,0.0,2025-08-20 13:15:43
4,19,23.320000000298023,5225.099264,1681,33787,38949.0,0.0,2025-08-20 13:15:44
5,19,38.689999997615814,6376.116224,38680,51037,38961.0,0.0,2025-08-20 13:15:46
6,19,241.10999999940395,6313.49248,33266,40399,38961.0,0.0,2025-08-20 13:15:46
7,19,39.57000000029802,6317.989888,2036,40167,38961.0,0.0,2025-08-20 13:15:46
8,19,45.15999999968335,6424.240128,952,43398,38961.0,0.0,2025-08-20 13:15:47
9,19,36.53000000026077,6390.562816,41381,57404,38961.0,0.0,2025-08-20 13:15:47
10,19,105.18999999994412,5219.352576,123773,163769,38949.0,0.0,2025-08-20 13:16:07
11,19,43.87999999994645,7120.461824,94607,76800,38959.0,0.0,2025-08-20 13:15:47
12,19,50.04999999888241,6402.90816,1068,39124,38959.0,0.0,2025-08-20 13:15:46
13,19,38.16999999945983,6128.467968,63947,70114,38959.0,0.0,2025-08-20 13:15:45
14,19,201.06000000052154,6495.879168,30254,87898,38961.0,0.0,2025-08-20 13:15:51
15,19,197.61999999918044,6111.080448,32926,40798,38959.0,0.0,2025-08-20 13:15:45
16,19,45.22000000625849,6343.532544,1933,40401,38961.0,0.0,2025-08-20 13:15:45
17,19,29.34000000357628,5972.078592,41574,42464,38949.0,0.5,2025-08-20 13:15:44
18,19,82.74000000208616,6158.942208,1570,39053,38959.0,0.0,2025-08-20 13:15:45
19,19,126.07999999821186,6757.527552,16554,51343,38961.0,0.0,2025-08-20 13:15:47
20,19,118.18999999761581,7010.717696,78365,102162,38961.0,0.0,2025-08-20 13:15:48
1,20,42.979999996721745,6656.806912,134936,127719,38963.0,0.0,2025-08-20 13:16:18
2,20,200.09999999403954,6600.753152,5955,76106,38961.0,0.0,2025-08-20 13:16:18
3,20,24.95999999716878,5391.220736,30198,34781,38949.0,0.0,2025-08-20 13:16:15
4,20,35.99000000022352,5378.166784,64206,116401,38949.0,0.0,2025-08-20 13:16:21
5,20,39.32999999821186,6635.626496,35575,76166,38961.0,0.0,2025-08-20 13:16:18
6,20,249.51000000536442,6551.191552,109546,127609,38961.0,0.0,2025-08-20 13:16:19
7,20,41.46000000089407,6519.21408,47059,109694,38961.0,0.0,2025-08-20 13:16:18
8,20,40.390000000130385,6637.432832,32630,103089,38961.0,0.0,2025-08-20 13:16:18
9,20,41.22999999998137,6596.558848,6222,88842,38961.0,0.0,2025-08-20 13:16:20
10,20,28.339999999967404,5386.0352,41364,48383,38949.0,0.0,2025-08-20 13:16:16
11,20,49.56999999994878,7339.692032,109854,139669,38961.0,0.0,2025-08-20 13:16:20
12,20,49.130000000819564,6621.990912,61207,87374,38961.0,0.0,2025-08-20 13:16:18
13,20,87.90999999968335,6340.304896,36243,139950,38961.0,0.0,2025-08-20 13:16:33
14,20,157.94999999925494,6728.863744,15542,88670,38961.0,0.0,2025-08-20 13:16:20
15,20,234.45999999996275,6318.137344,64219,108647,38961.0,0.0,2025-08-20 13:16:19
16,20,47.75,6560.530432,72071,115402,38961.0,0.0,2025-08-20 13:16:18
17,20,46.70999999716878,6114.578432,17344,92949,38951.0,0.53,2025-08-20 13:16:22
18,20,84.63000000268221,6348.955648,32895,104066,38961.0,0.0,2025-08-20 13:16:18
19,20,136.35999999940395,6976.823296,46835,165755,38961.0,0.0,2025-08-20 13:16:20
20,20,126.00999999791384,7279.5136,15707,97474,38961.0,0.0,2025-08-20 13:16:21
1,21,41.10999999940395,6883.991552,86240,67483,38963.0,0.0,2025-08-20 13:16:44
2,21,195.37000000476837,6827.405312,1119,37320,38963.0,0.0,2025-08-20 13:16:44
3,21,25.58999999985099,5559.382016,15157,27109,38949.0,0.0,2025-08-20 13:16:41
4,21,19.830000000074506,5541.43744,903,25272,38951.0,0.0,2025-08-20 13:16:41
5,21,38.42999999970198,6860.972032,40934,42056,38963.0,0.0,2025-08-20 13:16:44
6,21,212.7800000011921,6747.123712,33961,39229,38963.0,0.0,2025-08-20 13:16:44
7,21,37.770000003278255,6732.029952,3266,38612,38963.0,0.0,2025-08-20 13:16:44
8,21,38.25999999977648,6832.095232,35286,39798,38963.0,0.0,2025-08-20 13:16:44
9,21,35.33999999985099,6837.12512,1225,41453,38963.0,0.0,2025-08-20 13:16:45
10,21,25.260000000009313,5548.838912,24534,23782,38949.0,0.0,2025-08-20 13:16:41
11,21,44.149999999965075,7533.727744,120005,81563,38961.0,0.0,2025-08-20 13:16:45
12,21,45.869999999180436,6841.028608,38878,44925,38963.0,0.0,2025-08-20 13:16:44
13,21,38.57000000029802,6568.296448,96631,71550,38961.0,0.0,2025-08-20 13:16:44
14,21,129.28000000026077,6950.064128,38749,49771,38963.0,0.0,2025-08-20 13:16:45
15,21,192.92999999970198,6533.984256,39695,51002,38961.0,0.0,2025-08-20 13:16:44
16,21,43.71000000089407,6782.902272,1014,37306,38963.0,0.0,2025-08-20 13:16:44
17,21,29.57999999821186,6337.028096,1971,34458,38951.0,0.5,2025-08-20 13:16:42
18,21,205.26999999582767,6562.889728,70294,124876,38963.0,0.0,2025-08-20 13:16:59
19,21,120.65999999642372,7211.597824,38586,53436,38963.0,0.0,2025-08-20 13:16:45
20,21,114.70000000298023,7519.899648,79499,98253,38963.0,0.0,2025-08-20 13:16:46
1,22,46.310000002384186,6980.124672,86860,99388,38965.0,0.0,2025-08-20 13:17:12
2,22,205.2099999934435,6903.549952,37518,48690,38965.0,0.0,2025-08-20 13:17:11
3,22,25.280000001192093,5721.235456,27565,26391,38951.0,0.0,2025-08-20 13:17:07
4,22,21.330000000074506,5702.537216,52608,49786,38951.0,0.0,2025-08-20 13:17:07
5,22,41.769999995827675,6939.041792,81107,67690,38965.0,0.0,2025-08-20 13:17:11
6,22,364.1300000026822,6824.026112,83254,112597,38963.0,0.0,2025-08-20 13:17:17
7,22,45.32000000029802,6802.255872,82021,92840,38965.0,0.0,2025-08-20 13:17:11
8,22,42.27000000001863,6942.650368,84967,61205,38965.0,0.0,2025-08-20 13:17:11
9,22,37.15000000037253,6942.334976,39326,53358,38965.0,0.0,2025-08-20 13:17:11
10,22,41.089999999967404,5712.367616,982,45442,38951.0,0.0,2025-08-20 13:17:12
11,22,52.36000000004424,7602.827264,88592,104875,38963.0,0.0,2025-08-20 13:17:13
12,22,51.27000000141561,6918.365184,40819,60173,38963.0,0.0,2025-08-20 13:17:11
13,22,41.830000000074506,6775.369728,75993,57083,38963.0,0.0,2025-08-20 13:17:11
14,22,158.410000000149,7028.322304,992,44981,38963.0,0.0,2025-08-20 13:17:12
15,22,205.67999999970198,6721.757184,1289,37279,38963.0,0.0,2025-08-20 13:17:10
16,22,49.25,6863.167488,24107,52367,38965.0,0.0,2025-08-20 13:17:11
17,22,32.96000000089407,6323.924992,76171,51173,38951.0,0.53,2025-08-20 13:17:09
18,22,154.3099999949336,6767.02208,78570,125521,38963.0,0.0,2025-08-20 13:17:18
19,22,118.75999999791384,7231.582208,49145,48767,38965.0,0.0,2025-08-20 13:17:11
20,22,168.4700000025332,7617.953792,90035,93002,38965.0,0.0,2025-08-20 13:17:17
1,23,42.57000000029802,7156.011008,54495,92400,38965.0,0.0,2025-08-20 13:17:29
2,23,200.62999999523163,7119.392768,106559,90820,38965.0,0.0,2025-08-20 13:17:29
3,23,27.760000001639128,5746.880512,56788,27672,38951.0,0.0,2025-08-20 13:17:27
4,23,27.669999999925494,5744.242688,1500,38356,38951.0,0.0,2025-08-20 13:17:29
5,23,38.599999997764826,7137.251328,2185,39594,38965.0,0.0,2025-08-20 13:17:29
6,23,220.9399999976158,7054.1312,1568,38717,38965.0,0.0,2025-08-20 13:17:29
7,23,36.47000000625849,7032.578048,37450,261044,38965.0,0.0,2025-08-20 13:17:29
8,23,38.17999999993481,7136.862208,3904,39321,38965.0,0.0,2025-08-20 13:17:29
9,23,35.81000000005588,7115.534336,98495,85238,38965.0,0.0,2025-08-20 13:17:30
10,23,28.67000000004191,5760.188416,49740,45552,38951.0,0.0,2025-08-20 13:17:27
11,23,46.0800000000163,7902.220288,10201,52994,38965.0,0.0,2025-08-20 13:17:31
12,23,45.90000000037253,7140.749312,1200,38865,38965.0,0.0,2025-08-20 13:17:29
13,23,41.330000000074506,6798.651392,1200,42453,38963.0,0.0,2025-08-20 13:17:30
14,23,137.7700000004843,7236.386816,71592,57452,38965.0,0.0,2025-08-20 13:17:30
15,23,701.1699999999255,6765.785088,122876,161978,38963.0,0.0,2025-08-20 13:17:53
16,23,45.270000003278255,7079.522304,50065,63685,38965.0,0.0,2025-08-20 13:17:29
17,23,33.150000002235174,6458.970112,1665,38530,38953.0,0.5,2025-08-20 13:17:29
18,23,106.89000000059605,6818.865152,134163,146579,38965.0,0.0,2025-08-20 13:17:31
19,23,119.35000000149012,7496.790016,45268,61052,38965.0,0.0,2025-08-20 13:17:30
20,23,141.54999999701977,7815.962624,57863,71011,38965.0,0.0,2025-08-20 13:17:33
1,24,41.28000000864267,7399.391232,9633,46137,38967.0,0.0,2025-08-20 13:18:03
2,24,190.77000000327826,7352.270848,41176,50650,38967.0,0.0,2025-08-20 13:18:03
3,24,25.440000001341105,5906.223104,29788,51814,38951.0,0.0,2025-08-20 13:18:00
4,24,19.8899999987334,5902.462976,927,23338,38953.0,0.0,2025-08-20 13:18:00
5,24,38.41999999806285,7331.770368,1126,36561,38967.0,0.0,2025-08-20 13:18:03
6,24,218.23999999463558,7279.095808,1548,36394,38967.0,0.0,2025-08-20 13:18:03
7,24,37.60999999940395,7259.602944,71345,55998,38967.0,0.0,2025-08-20 13:18:03
8,24,40.57000000006519,7350.181888,41459,54232,38967.0,0.0,2025-08-20 13:18:04
9,24,48.52000000001863,7359.737856,39135,75505,38967.0,0.0,2025-08-20 13:18:08
10,24,27.89000000001397,5908.35712,32206,24966,38951.0,0.0,2025-08-20 13:18:01
11,24,45.82999999995809,8170.053632,10171,52998,38965.0,0.0,2025-08-20 13:18:05
12,24,142.2799999974668,7350.099968,181149,192917,38967.0,0.0,2025-08-20 13:18:20
13,24,39.049999999813735,7012.376576,39115,45106,38965.0,0.0,2025-08-20 13:18:03
14,24,143.23000000044703,7448.915968,45067,63721,38967.0,0.0,2025-08-20 13:18:04
15,24,197.6499999994412,6988.734464,35706,50150,38965.0,0.0,2025-08-20 13:18:03
16,24,45.59000000357628,7281.23392,8236,43814,38967.0,0.01,2025-08-20 13:18:03
17,24,32.17999999970198,6655.275008,14050,43683,38953.0,0.5,2025-08-20 13:18:02
18,24,91.52999999374151,7012.507648,78022,64056,38965.0,0.0,2025-08-20 13:18:03
19,24,119.1600000038743,7746.564096,74275,59868,38967.0,0.0,2025-08-20 13:18:04
20,24,160.10999999940395,8082.538496,128442,109916,38967.0,0.0,2025-08-20 13:18:09
1,25,41.020000003278255,7591.186432,9426,47062,38969.0,0.0,2025-08-20 13:18:30
2,25,199.0299999937415,7570.182144,105598,85742,38967.0,0.0,2025-08-20 13:18:30
3,25,24.719999995082617,6070.243328,35699,27956,38953.0,0.01,2025-08-20 13:18:27
4,25,32.480000000447035,6064.082944,22543,67913,38953.0,0.0,2025-08-20 13:18:32
5,25,38.66000000014901,7569.956864,929,37981,38969.0,0.0,2025-08-20 13:18:30
6,25,221.69999999552965,7519.956992,15937,44970,38967.0,0.0,2025-08-20 13:18:30
7,25,37.75999999791384,7490.17088,70888,46765,38969.0,0.0,2025-08-20 13:18:30
8,25,38.1500000001397,7579.648,16441,44170,38969.0,0.0,2025-08-20 13:18:30
9,25,54.54000000003725,7589.937152,111448,116304,38967.0,0.0,2025-08-20 13:18:37
10,25,192.88000000000466,6080.761856,223720,321751,38953.0,0.0,2025-08-20 13:19:20
11,25,48.60999999998603,8380.022784,15584,208736,38967.0,0.0,2025-08-20 13:18:32
12,25,47.10999999940395,7563.01824,738,34301,38967.0,0.0,2025-08-20 13:18:30
13,25,37.03000000026077,7223.287808,38796,46857,38967.0,0.0,2025-08-20 13:18:30
14,25,103.16000000014901,7686.508544,71723,61170,38967.0,0.0,2025-08-20 13:18:31
15,25,193.089999999851,7187.509248,41222,53078,38967.0,0.0,2025-08-20 13:18:30
16,25,44.22000000625849,7527.694336,33320,46785,38967.0,0.0,2025-08-20 13:18:30
17,25,28.86999999731779,6810.873856,1407,30156,38953.0,0.5,2025-08-20 13:18:28
18,25,114.56000000983477,7193.669632,51397,63905,38967.0,0.0,2025-08-20 13:18:32
19,25,125.25999999791384,7966.892032,47012,67164,38967.0,0.01,2025-08-20 13:18:32
20,25,116.47999999672174,8319.332352,10187,55096,38967.0,0.0,2025-08-20 13:18:32
1,26,42.87999999523163,7842.983936,47393,59826,38969.0,0.0,2025-08-20 13:19:32
2,26,207.98000000417233,7763.644416,113946,99902,38969.0,0.0,2025-08-20 13:19:32
3,26,25.019999999552965,6245.400576,33165,23472,38953.0,0.0,2025-08-20 13:19:28
4,26,20.640000000596046,6227.935232,1173,30490,38953.0,0.0,2025-08-20 13:19:28
5,26,44.269999995827675,7804.952576,1345,47223,38969.0,0.0,2025-08-20 13:19:33
6,26,28.549999997019768,7714.73408,1817,48211,38969.0,0.0,2025-08-20 13:19:34
7,26,33.78000000119209,7571.451904,73428,63250,38969.0,0.0,2025-08-20 13:19:32
8,26,38.21999999997206,7789.93664,1487,39359,38969.0,0.0,2025-08-20 13:19:31
9,26,61.31999999983236,7819.829248,101418,123501,38969.0,0.01,2025-08-20 13:19:41
10,26,32.960000000020955,6247.256064,61208,64616,38953.0,0.0,2025-08-20 13:19:30
11,26,44.5,8605.55264,9220,51000,38967.0,0.0,2025-08-20 13:19:32
12,26,67.2800000011921,7780.102144,2103,44630,38969.0,0.0,2025-08-20 13:19:32
13,26,37.75999999977648,7444.758528,1082,39285,38967.0,0.0,2025-08-20 13:19:31
14,26,39.18999999947846,7784.46848,40420,69432,38969.0,0.01,2025-08-20 13:19:35
15,26,257.9199999999255,7378.04288,38297,65620,38967.0,0.0,2025-08-20 13:19:34
16,26,44.77999999374151,7762.477056,1761,39344,38969.0,0.0,2025-08-20 13:19:31
17,26,31.699999999254942,7026.536448,3538,35256,38955.0,0.5,2025-08-20 13:19:30
18,26,97.09999999403954,7430.41024,109933,6512122,38969.0,0.0,2025-08-20 13:19:31
19,26,132.43000000715256,8056.172544,46154,66873,38969.0,0.0,2025-08-20 13:19:33
20,26,114.64000000059605,8542.134272,43310,54500,38969.0,0.0,2025-08-20 13:19:32
1,27,44.66999999433756,7845.830656,40572,52530,38971.0,0.0,2025-08-20 13:19:53
2,27,102.6600000038743,7814.73792,49303,53842,38971.0,0.0,2025-08-20 13:19:53
3,27,25.519999999552965,6407.401472,712,28168,38953.0,0.0,2025-08-20 13:19:49
4,27,20.779999999329448,6392.766464,72615,43163,38955.0,0.0,2025-08-20 13:19:49
5,27,45.0,7821.320192,32932,49816,38971.0,0.0,2025-08-20 13:19:53
6,27,24.28999999910593,7757.139968,43904,72266,38969.0,0.0,2025-08-20 13:19:54
7,27,29.38000000268221,7753.64608,3686,41712,38971.0,0.0,2025-08-20 13:19:52
8,27,41.77000000001863,7850.708992,1883,41773,38971.0,0.0,2025-08-20 13:19:52
9,27,38.6999999997206,7845.310464,33811,48091,38971.0,0.0,2025-08-20 13:19:53
10,27,25.099999999976717,6422.933504,28320,34147,38953.0,0.0,2025-08-20 13:19:49
11,27,46.13999999995576,8691.994624,39127,57958,38969.0,0.0,2025-08-20 13:19:54
12,27,81.3300000000745,7801.368576,88300,69775,38969.0,0.0,2025-08-20 13:19:53
13,27,77.06999999983236,7659.769856,41646,103767,38969.0,0.0,2025-08-20 13:20:04
14,27,35.67000000085682,7990.49728,94559,88111,38969.0,0.0,2025-08-20 13:19:54
15,27,237.87999999988824,7617.04448,33746,51254,38969.0,0.0,2025-08-20 13:19:53
16,27,49.40999999642372,7805.6448,73218,65854,38971.0,0.0,2025-08-20 13:19:52
17,27,32.67999999970198,7011.38944,28623,47198,38955.0,0.5,2025-08-20 13:19:51
18,27,99.90999999642372,7632.039936,5571,42699,38969.0,0.0,2025-08-20 13:19:52
19,27,135.39999999850988,8299.70432,31928,63492,38971.0,0.0,2025-08-20 13:19:54
20,27,38.57999999821186,8625.84832,9630,57488,38971.0,0.0,2025-08-20 13:19:54
1,28,41.20000000298023,8072.66304,77414,64018,38973.0,0.0,2025-08-20 13:20:15
2,28,91.92000000178814,7991.017472,38632,50746,38971.0,0.0,2025-08-20 13:20:14
3,28,32.81999999657273,6412.623872,1954,35539,38955.0,0.0,2025-08-20 13:20:14
4,28,26.679999999701977,6392.070144,28835,62065,38955.0,0.0,2025-08-20 13:20:14
5,28,38.92000000178814,8070.897664,38515,50264,38971.0,0.0,2025-08-20 13:20:15
6,28,40.399999998509884,7972.298752,184515,181841,38971.0,0.0,2025-08-20 13:20:31
7,28,29.859999999403954,7974.899712,68392,70711,38971.0,0.01,2025-08-20 13:20:14
8,28,39.56999999983236,8030.621696,29967,66429,38971.0,0.0,2025-08-20 13:20:14
9,28,35.0,8033.284096,41217,52005,38971.0,0.0,2025-08-20 13:20:15
10,28,28.69000000000233,6417.14176,978,30786,38955.0,0.0,2025-08-20 13:20:12
11,28,44.31999999994878,8917.89312,117823,101416,38971.0,0.0,2025-08-20 13:20:16
12,28,51.46999999880791,8031.854592,1143,38587,38971.0,0.0,2025-08-20 13:20:15
13,28,43.71999999973923,7693.37344,32961,43810,38969.0,0.0,2025-08-20 13:20:16
14,28,31.369999999180436,8175.583232,1459,42825,38971.0,0.0,2025-08-20 13:20:15
15,28,214.8899999987334,7655.46496,62186,67753,38969.0,0.0,2025-08-20 13:20:15
16,28,45.03000000119209,8011.157504,31363,68449,38971.0,0.0,2025-08-20 13:20:14
17,28,29.75,7166.042112,50856,53419,38955.0,0.49,2025-08-20 13:20:13
18,28,123.45000000298023,7663.013888,31372,72059,38971.0,0.0,2025-08-20 13:20:16
19,28,120.60999999940395,8491.061248,14958,44279,38971.0,0.0,2025-08-20 13:20:16
20,28,36.33000000193715,8849.584128,53008,73901,38971.0,0.0,2025-08-20 13:20:16
1,29,41.5,8297.480192,48558,64553,38973.0,0.0,2025-08-20 13:20:42
2,29,93.71000000089407,8240.017408,1277,40503,38973.0,0.0,2025-08-20 13:20:42
3,29,24.91000000014901,6566.785024,21108,31537,38955.0,0.0,2025-08-20 13:20:39
4,29,20.509999999776483,6545.874944,2861,25065,38955.0,0.0,2025-08-20 13:20:39
5,29,39.95000000298023,8281.23136,30719,68507,38973.0,0.0,2025-08-20 13:20:42
6,29,20.37999999523163,8190.427136,33502,40925,38973.0,0.0,2025-08-20 13:20:42
7,29,29.42000000923872,8191.20128,2258,35520,38973.0,0.0,2025-08-20 13:20:42
8,29,38.3000000002794,8272.990208,59605,44706,38973.0,0.0,2025-08-20 13:20:42
9,29,39.3800000003539,8262.303744,39350,59856,38973.0,0.0,2025-08-20 13:20:44
10,29,25.619999999995343,6577.963008,954,25080,38955.0,0.0,2025-08-20 13:20:39
11,29,46.839999999909196,9180.83584,49979,72735,38971.0,0.0,2025-08-20 13:20:44
12,29,56.72000000067055,8278.646784,44932,60091,38973.0,0.01,2025-08-20 13:20:42
13,29,40.45999999996275,7902.826496,102668,87816,38971.0,0.0,2025-08-20 13:20:43
14,29,32.09999999962747,8400.75264,14932,50550,38973.0,0.0,2025-08-20 13:20:43
15,29,193.9500000011176,7847.223296,2880,34911,38971.0,0.0,2025-08-20 13:20:42
16,29,46.25,8237.09696,1976,40332,38973.0,0.0,2025-08-20 13:20:42
17,29,31.780000001192093,7366.92224,2547,36978,38957.0,0.51,2025-08-20 13:20:41
18,29,108.53999999910593,7867.895808,4137,42004,38971.0,0.0,2025-08-20 13:20:42
19,29,267.9699999988079,8759.345152,3723,105758,38973.0,0.0,2025-08-20 13:20:57
20,29,35.86999999731779,9064.448,77941,105770,38973.0,0.0,2025-08-20 13:20:44
1,30,40.28999999910593,8526.544896,11511,51560,38975.0,0.0,2025-08-20 13:21:08
2,30,91.06000000238419,8468.795392,805,36514,38975.0,0.0,2025-08-20 13:21:08
3,30,26.019999999552965,6730.379264,44705,43465,38955.0,0.0,2025-08-20 13:21:05
4,30,20.68999999947846,6705.78688,38490,46791,38955.0,0.0,2025-08-20 13:21:05
5,30,40.17999999970198,8517.79584,59067,61579,38975.0,0.0,2025-08-20 13:21:08
6,30,22.11999998986721,8426.835968,799,36272,38973.0,0.0,2025-08-20 13:21:08
7,30,30.67000000178814,8430.219264,39706,56429,38975.0,0.01,2025-08-20 13:21:08
8,30,38.17999999993481,8511.332352,75123,55850,38975.0,0.0,2025-08-20 13:21:08
9,30,37.85000000009313,8509.104128,3731,45110,38975.0,0.0,2025-08-20 13:21:09
10,30,29.589999999967404,6739.513344,660,32383,38955.0,0.0,2025-08-20 13:21:06
11,30,61.94000000000233,9418.252288,120884,132549,38973.0,0.0,2025-08-20 13:21:15
12,30,60.44999999925494,8501.587968,40185,55243,38973.0,0.0,2025-08-20 13:21:08
13,30,38.579999999608845,8107.634688,56686,60617,38973.0,0.0,2025-08-20 13:21:08
14,30,34.83999999985099,8646.483968,944,40756,38973.0,0.0,2025-08-20 13:21:09
15,30,193.45000000018626,8038.13376,39525,51242,38971.0,0.0,2025-08-20 13:21:08
16,30,45.139999993145466,8447.418368,31798,42354,38975.0,0.0,2025-08-20 13:21:08
17,30,30.03999999910593,7544.086528,33077,29526,38957.0,0.5,2025-08-20 13:21:07
18,30,159.8100000023842,8046.792704,115614,92073,38973.0,0.0,2025-08-20 13:21:13
19,30,117.69999999552965,9017.421824,74147,60868,38975.0,0.0,2025-08-20 13:21:09
20,30,35.21999999880791,9335.291904,121762,81285,38973.0,0.0,2025-08-20 13:21:10
1,31,40.639999993145466,8751.857664,11788,80700,38975.0,0.0,2025-08-20 13:21:26
2,31,97.87999999523163,8696.655872,80850,113929,38975.0,0.0,2025-08-20 13:21:26
3,31,25.019999999552965,6893.113344,5088,57919,38955.0,0.0,2025-08-20 13:21:22
4,31,22.700000001117587,6875.086848,37620,70794,38957.0,0.0,2025-08-20 13:21:24
5,31,44.12000000104308,8755.347456,37705,86206,38975.0,0.0,2025-08-20 13:21:27
6,31,24.100000001490116,8617.705472,45234,90817,38975.0,0.0,2025-08-20 13:21:28
7,31,30.559999994933605,8638.291968,37534,74094,38975.0,0.0,2025-08-20 13:21:26
8,31,38.29000000003725,8720.338944,4509,74209,38975.0,0.0,2025-08-20 13:21:26
9,31,41.77000000001863,8731.87328,113575,136286,38975.0,0.0,2025-08-20 13:21:28
10,31,29.900000000023283,6907.1872,3628,65059,38955.0,0.0,2025-08-20 13:21:24
11,31,52.94000000000233,9647.484928,15123,102229,38973.0,0.0,2025-08-20 13:21:30
12,31,49.3600000012666,8704.110592,92970,129787,38975.0,0.0,2025-08-20 13:21:27
13,31,41.78000000026077,8310.837248,11209,80169,38973.0,0.0,2025-08-20 13:21:27
14,31,31.75,8888.942592,36915,73668,38975.0,0.0,2025-08-20 13:21:26
15,31,193.9199999999255,8283.160576,21913,87978,38973.0,0.0,2025-08-20 13:21:25
16,31,43.73999999463558,8679.030784,86840,101581,38975.0,0.0,2025-08-20 13:21:26
17,31,36.12999999895692,7733.059584,16981,78862,38957.0,0.54,2025-08-20 13:21:26
18,31,119.42000000178814,8285.904896,7541,79176,38975.0,0.0,2025-08-20 13:21:27
19,31,159.32999999821186,9259.708416,75724,140335,38975.0,0.0,2025-08-20 13:21:30
20,31,87.51999999955297,9557.344256,132323,243011,38975.0,0.01,2025-08-20 13:21:50
1,32,46.269999995827675,8941.174784,63033,87829,38977.0,0.0,2025-08-20 13:22:01
2,32,101.9400000050664,8714.027008,73481,59796,38977.0,0.0,2025-08-20 13:22:01
3,32,100.67999999970198,7074.476032,161409,188443,38957.0,0.0,2025-08-20 13:22:21
4,32,23.779999999329448,7033.696256,1220,31954,38957.0,0.0,2025-08-20 13:21:59
5,32,43.87999999895692,8797.47072,1040,40223,38977.0,0.0,2025-08-20 13:22:01
6,32,23.78999999910593,8683.667456,40709,56752,38977.0,0.0,2025-08-20 13:22:02
7,32,32.60999999940395,8657.457152,32779,37108,38977.0,0.0,2025-08-20 13:22:01
8,32,42.48999999999069,8786.726912,3071,40827,38977.0,0.0,2025-08-20 13:22:01
9,32,40.92999999970198,8926.363648,68091,60009,38977.0,0.0,2025-08-20 13:22:02
10,32,32.20000000001164,7072.3584,81552,50173,38957.0,0.0,2025-08-20 13:21:59
11,32,65.32000000000698,9614.761984,10351,72052,38975.0,0.0,2025-08-20 13:22:08
12,32,78.55000000074506,8915.800064,1061,44287,38975.0,0.0,2025-08-20 13:22:02
13,32,37.77000000001863,8517.689344,996,36565,38975.0,0.0,2025-08-20 13:22:00
14,32,34.82000000029802,8868.999168,73308,58966,38975.0,0.0,2025-08-20 13:22:02
15,32,194.589999999851,8483.84,47144,50734,38975.0,0.0,2025-08-20 13:22:00
16,32,49.96999999880791,8713.4208,26111,44256,38977.0,0.0,2025-08-20 13:22:01
17,32,40.07999999821186,7721.959424,2489,41287,38959.0,0.42,2025-08-20 13:22:02
18,32,111.86999999731779,8506.646528,47680,48998,38975.0,0.0,2025-08-20 13:22:01
19,32,130.06999999284744,9289.822208,41372,62418,38977.0,0.0,2025-08-20 13:22:02
20,32,41.45000000298023,9562.959872,60018,70016,38977.0,0.0,2025-08-20 13:22:03
1,33,41.57999999821186,8988.209152,10945,48701,38979.0,0.0,2025-08-20 13:22:32
2,33,92.71999999135733,8926.732288,73184,85458,38977.0,0.0,2025-08-20 13:22:32
3,33,25.20999999716878,7234.453504,33101,27762,38957.0,0.0,2025-08-20 13:22:28
4,33,28.240000000223517,7197.110272,41749,61640,38957.0,0.0,2025-08-20 13:22:32
5,33,39.32000000029802,9000.792064,1229,38808,38977.0,0.0,2025-08-20 13:22:32
6,33,21.089999996125698,8851.72224,1480,39711,38977.0,0.0,2025-08-20 13:22:32
7,33,29.29000000655651,8871.583744,41147,48392,38977.0,0.0,2025-08-20 13:22:31
8,33,39.4000000001397,8964.141056,1047,38803,38979.0,0.0,2025-08-20 13:22:32
9,33,28.569999999832362,8965.251072,67108,83834,38977.0,0.0,2025-08-20 13:22:33
10,33,31.080000000016298,7248.50688,60088,59520,38957.0,0.0,2025-08-20 13:22:30
11,33,50.95000000006985,9849.982976,2933,51355,38977.0,0.0,2025-08-20 13:22:35
12,33,69.0300000011921,8951.66464,1092,43172,38977.0,0.0,2025-08-20 13:22:32
13,33,37.43999999994412,8741.449728,1072,35103,38975.0,0.0,2025-08-20 13:22:31
14,33,32.62000000011176,9118.814208,39521,60513,38977.0,0.0,2025-08-20 13:22:33
15,33,195.44000000040978,8699.850752,53062,59397,38975.0,0.01,2025-08-20 13:22:32
16,33,47.09000000357628,8914.202624,8422,49499,38977.0,0.0,2025-08-20 13:22:32
17,33,29.62999999895692,7893.712896,3427,30902,38959.0,0.5,2025-08-20 13:22:30
18,33,587.1199999898672,8676.880384,251320,325283,38977.0,0.0,2025-08-20 13:23:17
19,33,118.2800000011921,9499.291648,45101,61896,38977.0,0.0,2025-08-20 13:22:33
20,33,55.769999999552965,9786.351616,157331,157362,38977.0,0.0,2025-08-20 13:22:42
1,34,42.649999998509884,9212.268544,58838,83371,38979.0,0.0,2025-08-20 13:23:28
2,34,95.71000000089407,9144.127488,118294,105127,38979.0,0.0,2025-08-20 13:23:28
3,34,32.96000000089407,7202.566144,33317,34700,38957.0,0.0,2025-08-20 13:23:27
4,34,27.200000001117587,7158.419456,1203,38462,38959.0,0.0,2025-08-20 13:23:27
5,34,39.29999999701977,9225.129984,1038,38393,38979.0,0.0,2025-08-20 13:23:28
6,34,29.149999991059303,9088.311296,40984,81298,38979.0,0.0,2025-08-20 13:23:35
7,34,29.740000002086163,9097.879552,32577,38824,38979.0,0.0,2025-08-20 13:23:28
8,34,38.30999999982305,9186.312192,3282,39227,38979.0,0.0,2025-08-20 13:23:27
9,34,25.600000000093132,9176.203264,70101,76447,38979.0,0.0,2025-08-20 13:23:28
10,34,28.710000000020955,7245.08672,30087,35260,38957.0,0.0,2025-08-20 13:23:25
11,34,47.75,10094.637056,3045,50594,38977.0,0.0,2025-08-20 13:23:30
12,34,56.419999999925494,9164.3904,43131,119212,38979.0,0.0,2025-08-20 13:23:28
13,34,38.10000000009313,8744.628224,1300,38408,38977.0,0.0,2025-08-20 13:23:27
14,34,38.34999999962747,9336.164352,72260,71005,38979.0,0.0,2025-08-20 13:23:31
15,34,223.410000000149,8700.882944,49830,61544,38977.0,0.0,2025-08-20 13:23:29
16,34,45.96000000089407,9144.979456,49989,63630,38979.0,0.0,2025-08-20 13:23:27
17,34,97.41000000014901,8102.965248,59395,140209,38959.0,0.5,2025-08-20 13:23:49
18,34,106.06000000238419,8743.964672,4961,42377,38977.0,0.0,2025-08-20 13:23:27
19,34,134.65999999642372,9645.592576,19296,63939,38979.0,0.0,2025-08-20 13:23:30
20,34,39.16000000014901,10008.694784,24890,66685,38979.0,0.0,2025-08-20 13:23:30
1,35,41.059999994933605,9406.492672,11538,53274,38981.0,0.0,2025-08-20 13:24:01
2,35,191.37000000476837,9353.408512,56608,65687,38981.0,0.01,2025-08-20 13:24:00
3,35,24.980000000447035,7355.973632,33218,32101,38959.0,0.0,2025-08-20 13:23:57
4,35,21.570000000298023,7319.031808,1406,30386,38959.0,0.0,2025-08-20 13:23:58
5,35,38.9700000025332,9431.49056,1180,44305,38981.0,0.0,2025-08-20 13:24:00
6,35,23.480000004172325,9304.567808,2150,52226,38979.0,0.0,2025-08-20 13:24:03
7,35,29.84000000357628,9318.240256,32858,45054,38981.0,0.0,2025-08-20 13:24:00
8,35,38.55999999982305,9375.72352,1233,38721,38981.0,0.0,2025-08-20 13:24:00
9,35,26.25,9359.130624,61002,53806,38981.0,0.0,2025-08-20 13:24:01
10,35,32.100000000034925,7405.375488,32534,40286,38959.0,0.0,2025-08-20 13:23:59
11,35,49.070000000006985,10253.84448,12545,68171,38979.0,0.0,2025-08-20 13:24:03
12,35,46.10999999940395,9397.9648,1213,43940,38979.0,0.0,2025-08-20 13:24:01
13,35,40.989999999757856,8954.806272,1288,48695,38977.0,0.0,2025-08-20 13:24:01
14,35,30.770000000484288,9539.264512,74191,64281,38979.0,0.0,2025-08-20 13:24:01
15,35,200.410000000149,8930.390016,36869,59295,38977.0,0.0,2025-08-20 13:24:00
16,35,43.61999999731779,9350.344704,9122,51391,38981.0,0.0,2025-08-20 13:24:00
17,35,31.12999999895692,8293.888,4626,41991,38961.0,0.49,2025-08-20 13:23:59
18,35,102.65000000596046,8951.996416,35490,46784,38979.0,0.0,2025-08-20 13:24:00
19,35,122.85999999940395,9854.050304,42717,67823,38981.0,0.0,2025-08-20 13:24:02
20,35,35.28999999910593,10233.094144,8910,55825,38979.0,0.0,2025-08-20 13:24:02
1,36,41.19999999552965,9629.343744,86561,65735,38983.0,0.0,2025-08-20 13:24:14
2,36,205.14000000804663,9596.346368,17042,46630,38981.0,0.0,2025-08-20 13:24:15
3,36,26.720000002533197,7512.133632,15803,32492,38959.0,0.0,2025-08-20 13:24:11
4,36,22.830000000074506,7475.707904,990,29261,38959.0,0.0,2025-08-20 13:24:12
5,36,41.74999999627471,9661.485056,1012,41613,38981.0,0.0,2025-08-20 13:24:15
6,36,21.019999995827675,9527.496704,63703,73412,38981.0,0.0,2025-08-20 13:24:14
7,36,30.149999998509884,9526.775808,29783,61196,38981.0,0.0,2025-08-20 13:24:14
8,36,44.890000000130385,9634.807808,63237,74997,38981.0,0.0,2025-08-20 13:24:16
9,36,25.510000000242144,9589.788672,1331,38030,38981.0,0.0,2025-08-20 13:24:14
10,36,24.78000000002794,7567.691776,719,25348,38959.0,0.0,2025-08-20 13:24:11
11,36,44.02999999996973,10563.670016,146854,110575,38979.0,0.0,2025-08-20 13:24:15
12,36,69.75,9632.006144,1046,37623,38981.0,0.01,2025-08-20 13:24:15
13,36,41.06999999983236,9176.080384,44523,43447,38979.0,0.0,2025-08-20 13:24:15
14,36,31.449999999254942,9764.405248,31909,52217,38981.0,0.0,2025-08-20 13:24:15
15,36,193.2600000007078,9136.98816,38663,45280,38979.0,0.0,2025-08-20 13:24:14
16,36,45.45000000298023,9582.473216,8374,44988,38981.0,0.0,2025-08-20 13:24:14
17,36,28.640000004321337,8442.609664,671,28951,38961.0,0.5,2025-08-20 13:24:12
18,36,113.88999999314547,9168.207872,8761,40495,38981.0,0.0,2025-08-20 13:24:14
19,36,121.20000000298023,10100.875264,39081,54468,38981.0,0.01,2025-08-20 13:24:15
20,36,35.100000001490116,10482.737152,58575,73818,38981.0,0.0,2025-08-20 13:24:16
1,37,42.17000000178814,9859.805184,80835,97917,38983.0,0.0,2025-08-20 13:24:27
2,37,190.85999999195337,9792.339968,131673,90357,38983.0,0.0,2025-08-20 13:24:27
3,37,53.32000000029802,7688.044544,77016,85259,38959.0,0.0,2025-08-20 13:24:32
4,37,22.419999999925494,7657.930752,2723,29963,38961.0,0.0,2025-08-20 13:24:25
5,37,38.87000000476837,9861.062656,868,39456,38983.0,0.0,2025-08-20 13:24:27
6,37,20.780000001192093,9751.384064,15455,40760,38983.0,0.0,2025-08-20 13:24:26
7,37,29.28999999910593,9726.7712,32547,35171,38983.0,0.0,2025-08-20 13:24:26
8,37,38.419999999925494,9861.890048,1465,38598,38983.0,0.0,2025-08-20 13:24:26
9,37,27.019999999552965,9837.32224,46217,46360,38983.0,0.01,2025-08-20 13:24:27
10,37,28.32999999995809,7738.781696,1412,30031,38959.0,0.0,2025-08-20 13:24:24
11,37,45.82999999995809,10747.400192,11404,57860,38981.0,0.0,2025-08-20 13:24:28
12,37,44.62000000104308,9840.119808,62858,78215,38981.0,0.0,2025-08-20 13:24:27
13,37,40.77000000001863,9362.477056,8083,41950,38981.0,0.0,2025-08-20 13:24:27
14,37,32.00999999977648,9999.417344,34415,41654,38983.0,0.0,2025-08-20 13:24:27
15,37,194.61000000033528,9352.835072,41961,50701,38979.0,0.0,2025-08-20 13:24:26
16,37,43.29999999701977,9801.662464,81114,59042,38983.0,0.0,2025-08-20 13:24:26
17,37,31.37000000104308,8539.05408,14203,35430,38961.0,0.56,2025-08-20 13:24:26
18,37,108.35000000149012,9372.028928,5020,40920,38981.0,0.0,2025-08-20 13:24:27
19,37,118.43999999761581,10284.720128,2807,45361,38983.0,0.0,2025-08-20 13:24:28
20,37,35.389999996870756,10722.885632,10974,57957,38983.0,0.0,2025-08-20 13:24:28
1,38,32.78999999910593,10075.574272,45480,65411,38985.0,0.0,2025-08-20 13:24:43
2,38,164.1600000038743,9832.624128,52574,61816,38985.0,0.0,2025-08-20 13:24:44
3,38,24.87000000104308,7859.490816,628,20948,38961.0,0.0,2025-08-20 13:24:40
4,38,45.04999999888241,7823.138816,71689,90636,38961.0,0.0,2025-08-20 13:24:51
5,38,46.67999999970198,9919.811584,111433,107284,38985.0,0.0,2025-08-20 13:24:45
6,38,26.230000004172325,9768.759296,52477,76150,38983.0,0.0,2025-08-20 13:24:47
7,38,33.46999999880791,9760.759808,3224,44292,38985.0,0.0,2025-08-20 13:24:44
8,38,38.5999999998603,10077.560832,44892,43326,38985.0,0.0,2025-08-20 13:24:43
9,38,25.860000000335276,10047.782912,38614,48781,38983.0,0.0,2025-08-20 13:24:43
10,38,26.619999999995343,7900.090368,997,29239,38961.0,0.0,2025-08-20 13:24:40
11,38,51.37000000005355,10779.83232,86930,83828,38981.0,0.0,2025-08-20 13:24:46
12,38,60.18999999947846,10048.446464,39671,52088,38983.0,0.0,2025-08-20 13:24:44
13,38,38.72999999998137,9608.548352,102662,84395,38981.0,0.0,2025-08-20 13:24:43
14,38,37.30999999959022,9997.287424,1096,49905,38983.0,0.0,2025-08-20 13:24:46
15,38,199.17999999970198,9571.622912,1734,38168,38981.0,0.0,2025-08-20 13:24:43
16,38,51.95000000298023,9796.685824,9738,51897,38983.0,0.0,2025-08-20 13:24:44
17,38,36.24000000208616,8530.374656,41712,51369,38963.0,0.5,2025-08-20 13:24:43
18,38,137.6899999976158,9557.295104,7695,60891,38983.0,0.0,2025-08-20 13:24:46
19,38,145.17000000178814,10186.379264,16930,63298,38983.0,0.0,2025-08-20 13:24:46
20,38,55.20999999716878,10758.115328,87348,148942,38983.0,0.0,2025-08-20 13:24:52
1,39,37.80000000447035,10053.115904,29312,66705,38985.0,0.0,2025-08-20 13:25:05
2,39,197.39999999850988,10040.004608,56742,64694,38985.0,0.0,2025-08-20 13:25:03
3,39,25.520000003278255,8019.730432,30670,53109,38961.0,0.0,2025-08-20 13:25:00
4,39,33.709999999031425,7996.55936,38855,68622,38961.0,0.0,2025-08-20 13:25:06
5,39,39.649999998509884,10100.18304,1093,37924,38985.0,0.0,2025-08-20 13:25:03
6,39,22.639999993145466,9958.076416,38876,58296,38985.0,0.0,2025-08-20 13:25:05
7,39,38.25,9941.897216,72903,54013,38985.0,0.0,2025-08-20 13:25:03
8,39,38.97999999998137,10086.424576,41770,56104,38985.0,0.0,2025-08-20 13:25:03
9,39,30.33999999985099,10038.784,29344,57005,38985.0,0.0,2025-08-20 13:25:05
10,39,25.09000000002561,8060.809216,69006,38420,38961.0,0.0,2025-08-20 13:25:00
11,39,46.01999999996042,10979.106816,9102,49633,38983.0,0.0,2025-08-20 13:25:05
12,39,81.77999999932945,10015.232,42284,61054,38985.0,0.0,2025-08-20 13:25:05
13,39,42.34999999962747,9826.824192,20424,59932,38983.0,0.0,2025-08-20 13:25:05
14,39,36.29000000003725,10198.441984,43747,69117,38985.0,0.0,2025-08-20 13:25:06
15,39,196.98000000044703,9773.408256,48279,53755,38983.0,0.01,2025-08-20 13:25:03
16,39,47.46999999880791,10002.45248,9060,49585,38985.0,0.0,2025-08-20 13:25:04
17,39,30.389999996870756,8746.749952,1268,29275,38963.0,0.4,2025-08-20 13:25:02
18,39,151.42000000178814,9793.069056,77826,76169,38983.0,0.0,2025-08-20 13:25:08
19,39,137.60999999940395,10435.043328,73424,65063,38985.0,0.0,2025-08-20 13:25:06
20,39,35.75,10926.395392,40978,55309,38985.0,0.01,2025-08-20 13:25:05
1,40,32.809999994933605,10232.516608,116246,88650,38987.0,0.0,2025-08-20 13:25:18
2,40,194.12999999523163,10256.236544,18243,42263,38987.0,0.0,2025-08-20 13:25:18
3,40,30.310000002384186,8002.707456,12595,31612,38961.0,0.0,2025-08-20 13:25:16
4,40,26.809999998658895,8155.844608,61428,62074,38963.0,0.0,2025-08-20 13:25:18
5,40,39.12000000104308,10312.282112,32653,37858,38987.0,0.0,2025-08-20 13:25:18
6,40,22.009999997913837,10183.548928,106517,86433,38985.0,0.0,2025-08-20 13:25:18
7,40,39.42000000178814,10183.766016,44838,71354,38987.0,0.0,2025-08-20 13:25:18
8,40,41.5,10278.580224,31548,66288,38987.0,0.0,2025-08-20 13:25:19
9,40,26.509999999776483,10230.788096,1237,38004,38987.0,0.0,2025-08-20 13:25:19
10,40,44.47000000003027,8004.726784,41313,64685,38961.0,0.0,2025-08-20 13:25:21
11,40,74.63000000000466,11217.649664,113779,147690,38985.0,0.0,2025-08-20 13:25:29
12,40,47.90999999828637,10238.3616,33534,38346,38985.0,0.0,2025-08-20 13:25:18
13,40,44.87000000011176,9809.973248,32337,46694,38983.0,0.0,2025-08-20 13:25:20
14,40,36.14000000059605,10411.184128,12945,50863,38985.0,0.0,2025-08-20 13:25:21
15,40,268.320000000298,9735.380992,61717,78644,38983.0,0.0,2025-08-20 13:25:21
16,40,45.12999999523163,10208.178176,109668,86276,38987.0,0.0,2025-08-20 13:25:18
17,40,32.0,8865.292288,976,32960,38963.0,0.5,2025-08-20 13:25:17
18,40,140.28999999910593,9772.3392,48804,87051,38985.0,0.0,2025-08-20 13:25:21
19,40,131.2800000011921,10675.26144,29980,74059,38987.0,0.0,2025-08-20 13:25:20
20,40,35.51000000163913,11157.93408,11107,50032,38987.0,0.0,2025-08-20 13:25:20
1,41,31.570000000298023,10464.9728,51113,63616,38989.0,0.0,2025-08-20 13:25:39
2,41,204.55000000447035,10479.2064,19750,48563,38987.0,0.0,2025-08-20 13:25:39
3,41,25.12000000104308,8156.246016,41774,44230,38961.0,0.0,2025-08-20 13:25:36
4,41,25.8899999987334,8126.816256,42605,55230,38963.0,0.0,2025-08-20 13:25:39
5,41,42.730000000447035,10536.849408,84991,90270,38987.0,0.01,2025-08-20 13:25:40
6,41,21.560000002384186,10401.46432,982,42399,38987.0,0.0,2025-08-20 13:25:40
7,41,39.50999999791384,10399.535104,41606,61696,38987.0,0.0,2025-08-20 13:25:39
8,41,39.359999999869615,10518.58944,77604,58317,38989.0,0.0,2025-08-20 13:25:39
9,41,26.429999999701977,10437.505024,39247,46585,38987.0,0.0,2025-08-20 13:25:40
10,41,25.040000000037253,8157.827072,1071,25861,38963.0,0.0,2025-08-20 13:25:36
11,41,45.93999999994412,11448.303616,92112,83140,38985.0,0.0,2025-08-20 13:25:41
12,41,46.169999999925494,10446.667776,45081,59529,38987.0,0.0,2025-08-20 13:25:39
13,41,41.359999999869615,9970.176,81655,88639,38985.0,0.0,2025-08-20 13:25:39
14,41,31.40000000130385,10630.631424,992,42375,38987.0,0.0,2025-08-20 13:25:40
15,41,211.5100000007078,9945.976832,38643,49954,38985.0,0.0,2025-08-20 13:25:39
16,41,46.91999999433756,10447.872,8091,45331,38987.0,0.0,2025-08-20 13:25:39
17,41,35.79000000283122,8988.536832,42711,48701,38965.0,0.51,2025-08-20 13:25:40
18,41,128.07999999821186,9959.600128,84940,79217,38985.0,0.0,2025-08-20 13:25:41
19,41,127.34000000357628,10885.033984,83294,51815,38987.0,0.0,2025-08-20 13:25:41
20,41,41.88000000268221,11350.515712,169282,137742,38987.0,0.0,2025-08-20 13:25:41
1,42,31.55000000447035,10681.393152,77511,79809,38989.0,0.0,2025-08-20 13:25:53
2,42,147.40999999642372,10704.2816,56265,53188,38989.0,0.0,2025-08-20 13:25:53
3,42,24.79000000283122,8317.616128,1036,28353,38963.0,0.0,2025-08-20 13:25:49
4,42,23.38000000268221,8280.22784,71114,48568,38963.0,0.0,2025-08-20 13:25:51
5,42,39.28000000119209,10755.813376,32681,40543,38989.0,0.0,2025-08-20 13:25:53
6,42,20.989999994635582,10631.315456,49273,65870,38989.0,0.0,2025-08-20 13:25:53
7,42,38.94999999552965,10591.490048,3106,40151,38989.0,0.01,2025-08-20 13:25:53
8,42,38.93000000016764,10746.507264,1180,39877,38989.0,0.0,2025-08-20 13:25:53
9,42,27.22000000020489,10665.156608,32566,45014,38989.0,0.0,2025-08-20 13:25:53
10,42,35.56999999994878,8316.350464,1284,39783,38963.0,0.01,2025-08-20 13:25:53
11,42,46.1699999999837,11707.998208,71419,60215,38987.0,0.0,2025-08-20 13:25:55
12,42,66.85999999940395,10635.841536,86779,59049,38987.0,0.01,2025-08-20 13:25:53
13,42,46.56000000005588,10193.73568,2891,48975,38987.0,0.0,2025-08-20 13:25:55
14,42,32.709999999031425,10836.230144,63427,69554,38989.0,0.0,2025-08-20 13:25:53
15,42,195.92999999970198,10148.98688,32625,41040,38985.0,0.0,2025-08-20 13:25:52
16,42,44.92000000178814,10671.190016,79131,62384,38989.0,0.0,2025-08-20 13:25:53
17,42,33.809999998658895,9157.373952,13968,40728,38965.0,0.51,2025-08-20 13:25:53
18,42,107.47999998927116,10140.372992,3848,41418,38987.0,0.01,2025-08-20 13:25:53
19,42,334.8200000077486,11156.11136,91401,154925,38989.0,0.0,2025-08-20 13:26:14
20,42,67.33999999985099,11560.251392,17426,64391,38989.0,0.0,2025-08-20 13:25:54
1,43,48.17999999970198,10906.333184,41775,112654,38991.0,0.0,2025-08-20 13:26:25
2,43,195.54999999701977,10919.329792,82972,113135,38991.0,0.0,2025-08-20 13:26:25
3,43,26.809999998658895,8469.93408,3937,61888,38963.0,0.0,2025-08-20 13:26:22
4,43,21.450000001117587,8455.655424,36092,63560,38965.0,0.0,2025-08-20 13:26:22
5,43,80.5599999986589,10975.453184,107484,177561,38991.0,0.0,2025-08-20 13:26:38
6,43,103.77000000327826,10841.124864,65027,106407,38989.0,0.0,2025-08-20 13:26:26
7,43,39.08000000566244,10848.448512,4348,74040,38991.0,0.0,2025-08-20 13:26:25
8,43,43.51000000000931,10954.428416,6642,78917,38991.0,0.0,2025-08-20 13:26:26
9,43,70.8300000000745,10891.59168,65198,142346,38991.0,0.0,2025-08-20 13:26:34
10,43,30.30999999999767,8473.337856,4572,66886,38963.0,0.0,2025-08-20 13:26:23
11,43,46.339999999967404,11866.390528,14406,90776,38987.0,0.0,2025-08-20 13:26:26
12,43,61.019999999552965,10857.967616,93713,126760,38989.0,0.0,2025-08-20 13:26:25
13,43,38.89999999990687,10408.349696,4585,74613,38987.0,0.0,2025-08-20 13:26:25
14,43,47.64000000059605,11055.443968,75654,125949,38989.0,0.01,2025-08-20 13:26:32
15,43,195.410000000149,10363.26912,5611,76354,38987.0,0.0,2025-08-20 13:26:24
16,43,45.689999997615814,10882.47808,86376,101378,38991.0,0.0,2025-08-20 13:26:25
17,43,33.690000001341105,9344.311296,18133,75942,38965.0,0.5,2025-08-20 13:26:24
18,43,110.89999999850988,10377.691136,35898,108694,38989.0,0.0,2025-08-20 13:26:25
19,43,121.65999999642372,11358.838784,33735,106799,38991.0,0.0,2025-08-20 13:26:26
20,43,118.0899999961257,11745.439744,45413,104400,38989.0,0.0,2025-08-20 13:26:26
1,44,45.70000000298023,11139.739648,80357,60150,38991.0,0.0,2025-08-20 13:26:49
2,44,129.05000000447035,11124.71552,12384,45020,38991.0,0.0,2025-08-20 13:26:49
3,44,24.650000002235174,8634.544128,33394,35195,38963.0,0.0,2025-08-20 13:26:45
4,44,21.109999999403954,8610.459648,664,26465,38965.0,0.0,2025-08-20 13:26:46
5,44,38.62999999895692,11201.2288,34616,39819,38991.0,0.0,2025-08-20 13:26:49
6,44,96.27000000327826,11067.727872,91062,67870,38991.0,0.0,2025-08-20 13:26:49
7,44,38.71000000089407,11064.745984,15420,45205,38991.0,0.0,2025-08-20 13:26:48
8,44,38.4000000001397,11170.377728,2200,40156,38991.0,0.0,2025-08-20 13:26:48
9,44,38.60000000009313,11124.252672,1685,39050,38991.0,0.0,2025-08-20 13:26:49
10,44,24.90999999997439,8639.782912,40431,45463,38963.0,0.0,2025-08-20 13:26:45
11,44,41.949999999953434,12101.226496,40342,53212,38989.0,0.01,2025-08-20 13:26:50
12,44,70.48000000044703,11095.289856,56838,42091,38991.0,0.0,2025-08-20 13:26:49
13,44,38.64999999990687,10613.06368,59003,61021,38989.0,0.0,2025-08-20 13:26:49
14,44,31.790000000037253,11276.197888,41357,72398,38991.0,0.0,2025-08-20 13:26:49
15,44,193.23000000044703,10545.999872,33009,35584,38989.0,0.0,2025-08-20 13:26:48
16,44,43.87000000476837,11109.363712,80033,59699,38991.0,0.0,2025-08-20 13:26:48
17,44,29.050000000745058,9548.435456,3566,37291,38967.0,0.55,2025-08-20 13:26:47
18,44,104.00999999791384,10580.389888,42373,44523,38989.0,0.0,2025-08-20 13:26:48
19,44,123.71999999135733,11557.040128,1238,46990,38991.0,0.0,2025-08-20 13:26:50
20,44,116.96000000089407,11951.57504,58612,93878,38991.0,0.0,2025-08-20 13:26:50
1,45,44.78000000119209,11371.831296,46031,77663,38993.0,0.0,2025-08-20 13:27:01
2,45,223.02000000327826,11141.804032,59339,70336,38993.0,0.0,2025-08-20 13:27:02
3,45,25.480000000447035,8808.730624,34659,27277,38965.0,0.0,2025-08-20 13:26:58
4,45,20.67999999783933,8769.794048,1155,25648,38965.0,0.0,2025-08-20 13:26:58
5,45,81.60000000149012,11415.113728,61729,117701,38993.0,0.01,2025-08-20 13:27:14
6,45,118.01000000536442,11054.034944,21391,56810,38991.0,0.0,2025-08-20 13:27:03
7,45,44.42000000178814,11030.58944,52202,62353,38993.0,0.0,2025-08-20 13:27:02
8,45,44.050000000046566,11387.015168,1431,42362,38993.0,0.0,2025-08-20 13:27:03
9,45,46.82000000029802,11349.385216,41140,60663,38993.0,0.0,2025-08-20 13:27:03
10,45,85.10999999998603,8816.402432,70534,118865,38965.0,0.0,2025-08-20 13:27:17
11,45,51.15000000002328,12116.463616,6967,55077,38991.0,0.0,2025-08-20 13:27:04
12,45,46.66999999806285,11309.81376,1417,42136,38991.0,0.0,2025-08-20 13:27:01
13,45,36.97999999998137,10827.984896,932,37991,38989.0,0.0,2025-08-20 13:27:00
14,45,37.299999999813735,11248.10752,41907,67943,38991.0,0.0,2025-08-20 13:27:03
15,45,301.64000000059605,10773.233664,36386,72105,38989.0,0.0,2025-08-20 13:27:05
16,45,53.46000000089407,11094.228992,9303,53263,38993.0,0.0,2025-08-20 13:27:02
17,45,35.64000000059605,9525.49376,3500,38002,38967.0,0.49,2025-08-20 13:27:01
18,45,103.84999999403954,10764.976128,37207,38068,38991.0,0.0,2025-08-20 13:27:00
19,45,146.21000000089407,11487.776768,73873,72901,38993.0,0.0,2025-08-20 13:27:04
20,45,137.7799999974668,11976.060928,82280,82760,38993.0,0.0,2025-08-20 13:27:04
1,46,52.89000000059605,11374.227456,12127,57046,38995.0,0.0,2025-08-20 13:27:29
2,46,216.9399999976158,11324.80512,124378,99447,38993.0,0.0,2025-08-20 13:27:29
3,46,25.759999997913837,8975.990784,70284,33181,38965.0,0.0,2025-08-20 13:27:25
4,46,21.83999999985099,8942.702592,2909,28294,38965.0,0.0,2025-08-20 13:27:25
5,46,50.17999999970198,11374.186496,1302,49829,38993.0,0.0,2025-08-20 13:27:31
6,46,279.2699999958277,11231.059968,76706,135295,38993.0,0.0,2025-08-20 13:27:40
7,46,40.25999999791384,11219.152896,51427,49040,38993.0,0.0,2025-08-20 13:27:28
8,46,48.760000000242144,11325.07136,8192,48000,38995.0,0.0,2025-08-20 13:27:30
9,46,52.52000000001863,11334.930432,74731,84570,38993.0,0.0,2025-08-20 13:27:31
10,46,25.56000000005588,8977.186816,3231,24662,38965.0,0.0,2025-08-20 13:27:25
11,46,57.23999999999069,12241.711104,13310,69720,38991.0,0.0,2025-08-20 13:27:33
12,46,57.66000000014901,11297.533952,61506,89588,38993.0,0.0,2025-08-20 13:27:30
13,46,38.079999999608845,11013.976064,16179,37885,38991.0,0.0,2025-08-20 13:27:27
14,46,34.87999999988824,11449.167872,72111,65679,38993.0,0.0,2025-08-20 13:27:30
15,46,234.34999999962747,10952.413184,40290,56044,38991.0,0.0,2025-08-20 13:27:29
16,46,44.61999999731779,11278.35648,50079,62740,38993.0,0.01,2025-08-20 13:27:28
17,46,34.269999995827675,9721.499648,15578,39181,38967.0,0.5,2025-08-20 13:27:28
18,46,133.1899999976158,10981.900288,35774,48901,38991.0,0.0,2025-08-20 13:27:30
19,46,136.53999999910593,11683.79904,47972,69816,38993.0,0.0,2025-08-20 13:27:30
20,46,135.2199999988079,12155.12576,30315,70734,38993.0,0.0,2025-08-20 13:27:31
1,47,46.05000000447035,11561.39008,42155,49634,38995.0,0.0,2025-08-20 13:27:50
2,47,118.05000000447035,11507.245056,9147,44692,38995.0,0.0,2025-08-20 13:27:50
3,47,24.890000000596046,9144.85248,776,27284,38965.0,0.0,2025-08-20 13:27:47
4,47,23.790000000968575,9103.773696,34493,33819,38967.0,0.0,2025-08-20 13:27:48
5,47,39.32999999821186,11572.318208,32740,40889,38995.0,0.0,2025-08-20 13:27:50
6,47,196.36000000685453,11438.424064,72026,74516,38995.0,0.0,2025-08-20 13:27:50
7,47,38.310000002384186,11412.467712,3603,37859,38995.0,0.0,2025-08-20 13:27:50
8,47,39.13000000012107,11528.597504,1077,39882,38995.0,0.0,2025-08-20 13:27:50
9,47,40.29000000003725,11519.451136,2946,39968,38995.0,0.0,2025-08-20 13:27:50
10,47,24.43999999994412,9146.617856,43578,51083,38965.0,0.0,2025-08-20 13:27:47
11,47,45.11000000004424,12524.945408,39199,53054,38993.0,0.0,2025-08-20 13:27:52
12,47,48.959999999031425,11476.058112,34029,40959,38993.0,0.01,2025-08-20 13:27:50
13,47,263.2299999999814,11250.941952,275205,420363,38991.0,0.0,2025-08-20 13:29:01
14,47,32.77999999932945,11679.813632,30354,71832,38995.0,0.0,2025-08-20 13:27:51
15,47,192.74000000022352,11185.385472,32622,36815,38991.0,0.0,2025-08-20 13:27:50
16,47,45.82999999821186,11454.992384,35967,43099,38995.0,0.0,2025-08-20 13:27:50
17,47,30.050000000745058,9776.61952,10182,40875,38969.0,0.5,2025-08-20 13:27:49
18,47,106.3399999961257,11209.515008,3304,41288,38993.0,0.0,2025-08-20 13:27:50
19,47,134.7099999934435,11892.539392,2642,48815,38995.0,0.0,2025-08-20 13:27:53
20,47,118.73999999836087,12397.596672,25919,64058,38995.0,0.0,2025-08-20 13:27:52
1,48,48.21000000089407,11766.222848,49727,67325,38997.0,0.0,2025-08-20 13:29:12
2,48,198.33000000566244,11750.854656,38604,49649,38997.0,0.0,2025-08-20 13:29:11
3,48,32.769999999552965,9046.335488,1224,33735,38967.0,0.0,2025-08-20 13:29:10
4,48,25.76999999769032,9033.764864,34183,39175,38967.0,0.0,2025-08-20 13:29:10
5,48,42.57000000402331,11769.634816,84257,72079,38997.0,0.0,2025-08-20 13:29:12
6,48,212.64000000059605,11648.401408,76457,65972,38995.0,0.0,2025-08-20 13:29:12
7,48,30.03999999910593,11648.147456,2904,38940,38997.0,0.0,2025-08-20 13:29:11
8,48,44.67999999970198,11702.919168,85080,69242,38997.0,0.0,2025-08-20 13:29:13
9,48,55.669999999925494,11705.012224,41576,70519,38997.0,0.0,2025-08-20 13:29:17
10,48,31.80999999999767,9059.151872,795,33559,38967.0,0.0,2025-08-20 13:29:10
11,48,53.15999999997439,12728.528896,121162,109976,38993.0,0.0,2025-08-20 13:29:14
12,48,48.23999999836087,11679.219712,40201,55292,38995.0,0.0,2025-08-20 13:29:12
13,48,45.00999999977648,11205.578752,76324,60612,38993.0,0.01,2025-08-20 13:29:13
14,48,164.74000000022352,11902.81216,28502,72268,38995.0,0.0,2025-08-20 13:29:17
15,48,228.25999999977648,11128.291328,1225,40696,38993.0,0.01,2025-08-20 13:29:13
16,48,46.5,11707.461632,8755,43982,38997.0,0.0,2025-08-20 13:29:11
17,48,40.5,10005.684224,57830,64781,38969.0,0.5,2025-08-20 13:29:13
18,48,152.96000000834465,11156.160512,34894,62846,38995.0,0.0,2025-08-20 13:29:16
19,48,132.73999999463558,12173.385728,49156,52154,38997.0,0.0,2025-08-20 13:29:14
20,48,114.13999999687076,12592.545792,70045,76971,38995.0,0.0,2025-08-20 13:29:13
1,49,47.11999999731779,12000.923648,59373,58486,38999.0,0.0,2025-08-20 13:29:28
2,49,197.64999999850988,11952.316416,144150,94501,38997.0,0.0,2025-08-20 13:29:28
3,49,25.28999999910593,9205.178368,32952,25304,38967.0,0.0,2025-08-20 13:29:25
4,49,30.439999997615814,9171.78368,1730,42526,38967.0,0.01,2025-08-20 13:29:30
5,49,39.560000002384186,12004.753408,1937,39464,38997.0,0.0,2025-08-20 13:29:28
6,49,128.92999999970198,11873.677312,29343,53339,38997.0,0.0,2025-08-20 13:29:28
7,49,29.259999997913837,11885.71136,32476,39196,38997.0,0.0,2025-08-20 13:29:28
8,49,39.43000000016764,11959.283712,3144,38519,38997.0,0.0,2025-08-20 13:29:28
9,49,43.169999999925494,11951.8208,96015,85211,38997.0,0.0,2025-08-20 13:29:29
10,49,37.60999999998603,9216.499712,80700,55659,38967.0,0.0,2025-08-20 13:29:29
11,49,43.44000000000233,12981.08416,5072,44540,38995.0,0.0,2025-08-20 13:29:29
12,49,69.3600000012666,11941.060608,30092,82567,38997.0,0.0,2025-08-20 13:29:32
13,49,38.35000000009313,11394.625536,878,38086,38995.0,0.0,2025-08-20 13:29:28
14,49,109.38999999966472,12103.118848,69072,67330,38997.0,0.0,2025-08-20 13:29:28
15,49,192.81000000052154,11334.832128,50279,57446,38993.0,0.0,2025-08-20 13:29:28
16,49,45.21000000089407,11943.350272,51053,64773,38997.0,0.0,2025-08-20 13:29:28
17,49,30.21000000089407,10100.547584,14535,34046,38969.0,0.5,2025-08-20 13:29:27
18,49,112.75,11365.244928,14989,51402,38995.0,0.0,2025-08-20 13:29:29
19,49,122.17000000178814,12358.483968,20320,59803,38997.0,0.0,2025-08-20 13:29:29
20,49,161.59000000357628,12859.629568,80563,97024,38997.0,0.0,2025-08-20 13:29:35
1,50,46.179999992251396,12149.764096,99953,69830,38999.0,0.0,2025-08-20 13:29:45
2,50,192.14000000059605,12200.01792,1606,36290,38999.0,0.0,2025-08-20 13:29:45
3,50,43.49000000208616,9361.629184,41010,63785,38967.0,0.0,2025-08-20 13:29:48
4,50,20.5,9319.99744,41414,33202,38969.0,0.0,2025-08-20 13:29:42
5,50,40.17000000178814,12229.136384,27418,62360,38999.0,0.0,2025-08-20 13:29:45
6,50,187.4699999988079,12070.060032,71614,55812,38997.0,0.0,2025-08-20 13:29:45
7,50,29.36999999731779,12077.989888,1441,33149,38999.0,0.01,2025-08-20 13:29:45
8,50,38.84000000031665,12193.44384,989,36364,38999.0,0.0,2025-08-20 13:29:45
9,50,43.950000000186265,12109.975552,1914,47911,38999.0,0.0,2025-08-20 13:29:47
10,50,46.70999999996275,9365.23776,42655,74575,38967.0,0.0,2025-08-20 13:29:49
11,50,43.09999999997672,13175.963648,72738,63603,38997.0,0.0,2025-08-20 13:29:46
12,50,71.6100000012666,12103.143424,991,36356,38997.0,0.0,2025-08-20 13:29:45
13,50,38.21999999973923,11577.67168,62066,61464,38995.0,0.0,2025-08-20 13:29:45
14,50,100.95000000018626,12370.75968,22901,53924,38997.0,0.0,2025-08-20 13:29:46
15,50,194.62000000011176,11529.232384,34688,34142,38995.0,0.0,2025-08-20 13:29:45
16,50,44.21999999880791,12173.688832,35436,48689,38999.0,0.0,2025-08-20 13:29:45
17,50,29.849999997764826,10308.468736,804,28366,38971.0,0.5,2025-08-20 13:29:44
18,50,111.49000000208616,11528.318976,12058,45390,38997.0,0.0,2025-08-20 13:29:45
19,50,131.59999999403954,12604.944384,1875,48408,38999.0,0.0,2025-08-20 13:29:47
20,50,160.64000000059605,13100.544,83726,121837,38999.0,0.0,2025-08-20 13:29:51
