client_rank,round,timestamp,cpu_time,cpu_freq_mhz,ram_used_mb,net_sent_bytes,net_recv_bytes,gpu_mem_used_mb,gpu_load
1,1,2025-07-23 21:48:20,1762948.3,2391.7760416666665,21325.463552,247975062254,4825012240151,,
2,1,2025-07-23 21:48:20,1762948.3,2390.407125,21325.463552,247975062254,4825012240151,,
3,1,2025-07-23 21:48:20,1762948.3,2391.7760416666665,21325.463552,247975062254,4825012240151,,
4,1,2025-07-23 21:48:20,1762948.3,2391.7760416666665,21325.463552,247975062254,4825012240151,,
5,1,2025-07-23 21:48:20,1762948.3,2391.7760416666665,21325.463552,247975062254,4825012240151,,
6,1,2025-07-23 21:48:20,1762948.3,2391.7760416666665,21325.463552,247975062254,4825012240151,,
7,1,2025-07-23 21:48:20,1762948.3,2391.7760416666665,21325.463552,247975062254,4825012240151,,
8,1,2025-07-23 21:48:20,1762948.3,2391.7760416666665,21325.463552,247975062254,4825012240151,,
9,1,2025-07-23 21:48:20,1762948.3,2391.7760416666665,21325.463552,247975062254,4825012240151,,
10,1,2025-07-23 21:48:20,1762948.3,2391.7760416666665,21325.463552,247975062254,4825012240151,,
1,2,2025-07-23 21:48:36,1762996.54,2399.193729166667,21284.196352,247975155927,4825022799158,,
2,2,2025-07-23 21:48:36,1762995.71,2364.5560416666667,21123.981312,247975155336,4825022797563,,
3,2,2025-07-23 21:48:36,1762996.04,2393.588583333333,21219.381248,247975155336,4825022797623,,
4,2,2025-07-23 21:48:36,1762995.7200000002,2373.573770833334,21124.227072,247975155336,4825022797623,,
5,2,2025-07-23 21:48:36,1762995.85,2376.6922083333334,21173.788672,247975155336,4825022797623,,
6,2,2025-07-23 21:48:36,1762995.7599999998,2381.1728125000004,21150.846976,247975155336,4825022797623,,
7,2,2025-07-23 21:48:36,1762996.26,2393.3707083333334,21254.078464,247975155336,4825022797803,,
8,2,2025-07-23 21:48:36,1762995.83,2379.4850208333332,21166.772224,247975155336,4825022797623,,
9,2,2025-07-23 21:48:36,1762996.1800000002,2393.187395833333,21235.048448,247975155336,4825022797623,,
10,2,2025-07-23 21:48:36,1762995.7399999998,2379.3492916666664,21138.599936,247975155336,4825022797623,,
1,3,2025-07-23 21:48:51,1763043.49,2397.837479166667,21408.616448,247975176511,4825022848558,,
2,3,2025-07-23 21:48:51,1763042.57,2373.5085208333335,21288.525824,247975176511,4825022848318,,
3,3,2025-07-23 21:48:51,1763042.65,2381.7637291666665,21306.499072,247975176511,4825022848318,,
4,3,2025-07-23 21:48:51,1763042.5,2372.6508541666667,21274.406912,247975176511,4825022848318,,
5,3,2025-07-23 21:48:51,1763042.78,2388.051708333333,21339.87328,247975176511,4825022848438,,
6,3,2025-07-23 21:48:51,1763042.5899999999,2381.084770833333,21291.077632,247975176511,4825022848318,,
7,3,2025-07-23 21:48:51,1763043.33,2399.999916666667,21400.305664,247975176511,4825022848558,,
8,3,2025-07-23 21:48:51,1763042.72,2388.051708333333,21339.87328,247975176511,4825022848438,,
9,3,2025-07-23 21:48:51,1763042.7,2387.9953124999997,21337.051136,247975176511,4825022848438,,
10,3,2025-07-23 21:48:51,1763042.47,2363.272104166667,21261.307904,247975176511,4825022848258,,
1,4,2025-07-23 21:49:05,1763089.1700000002,2398.090166666667,21393.977344,247975205178,4825022923893,,
2,4,2025-07-23 21:49:06,1763088.45,2382.9193958333335,21291.266048,247975205112,4825022923653,,
3,4,2025-07-23 21:49:06,1763088.3599999999,2381.9839375,21281.071104,247975205112,4825022923653,,
4,4,2025-07-23 21:49:06,1763088.28,2362.9172291666664,21251.547136,247975205070,4825022923533,,
5,4,2025-07-23 21:49:06,1763088.42,2384.4699791666667,21281.071104,247975205112,4825022923653,,
6,4,2025-07-23 21:49:06,1763088.5,2385.055416666667,21330.726912,247975205178,4825022923653,,
7,4,2025-07-23 21:49:05,1763088.9500000002,2391.6839791666666,21364.502528,247975205178,4825022923893,,
8,4,2025-07-23 21:49:06,1763088.41,2378.361125,21281.071104,247975205112,4825022923653,,
9,4,2025-07-23 21:49:06,1763088.76,2395.7881458333336,21355.163648,247975205178,4825022923893,,
10,4,2025-07-23 21:49:06,1763088.27,2360.6195833333327,21251.293184,247975205070,4825022923533,,
1,5,2025-07-23 21:49:20,1763135.03,2396.9628125,21372.141568,247975224524,4825022982280,,
2,5,2025-07-23 21:49:20,1763134.46,2375.5833958333337,21301.383168,247975224178,4825022981708,,
3,5,2025-07-23 21:49:20,1763134.44,2373.778520833333,21271.875584,247975223610,4825022981284,,
4,5,2025-07-23 21:49:20,1763134.43,2374.814958333333,21271.875584,247975223610,4825022981284,,
5,5,2025-07-23 21:49:20,1763134.54,2379.617520833333,21319.684096,247975224178,4825022981708,,
6,5,2025-07-23 21:49:20,1763134.44,2378.413645833333,21271.875584,247975223610,4825022981284,,
7,5,2025-07-23 21:49:20,1763135.17,2400.0001041666665,21391.68768,247975224524,4825022982280,,
8,5,2025-07-23 21:49:20,1763134.5699999998,2385.0074374999995,21325.152256,247975224178,4825022981708,,
9,5,2025-07-23 21:49:20,1763134.77,2397.0742708333332,21367.496704,247975224524,4825022981980,,
10,5,2025-07-23 21:49:20,1763134.46,2372.6256875000004,21272.633344,247975224178,4825022981708,,
1,6,2025-07-23 21:49:35,1763181.34,2399.1110208333334,21426.659328,247975245004,4825023041096,,
2,6,2025-07-23 21:49:35,1763180.3499999999,2381.4796666666666,21280.997376,247975244938,4825023040740,,
3,6,2025-07-23 21:49:35,1763180.38,2380.525916666667,21316.272128,247975244938,4825023040740,,
4,6,2025-07-23 21:49:35,1763180.29,2380.684770833333,21268.414464,247975244152,4825023040194,,
5,6,2025-07-23 21:49:35,1763180.29,2379.674583333333,21268.414464,247975244152,4825023040194,,
6,6,2025-07-23 21:49:35,1763180.3299999998,2383.0580416666667,21282.545664,247975244938,4825023040740,,
7,6,2025-07-23 21:49:35,1763180.56,2395.067,21357.75232,247975245004,4825023040916,,
8,6,2025-07-23 21:49:35,1763180.43,2383.8029583333337,21338.505216,247975244938,4825023040916,,
9,6,2025-07-23 21:49:35,1763180.73,2392.959479166666,21396.320256,247975245004,4825023040916,,
10,6,2025-07-23 21:49:35,1763180.3099999998,2376.418625,21268.414464,247975244152,4825023040194,,
1,7,2025-07-23 21:49:50,1763227.63,2400.0007083333335,20992.516096,247975272638,4825023110666,,
2,7,2025-07-23 21:49:50,1763226.45,2372.6218749999994,21262.000128,247975272374,4825023110186,,
3,7,2025-07-23 21:49:50,1763226.53,2375.9690625000003,21302.038528,247975272572,4825023110246,,
4,7,2025-07-23 21:49:50,1763226.45,2376.812708333333,21279.277056,247975272374,4825023110186,,
5,7,2025-07-23 21:49:50,1763226.46,2368.760083333333,21262.000128,247975272374,4825023110186,,
6,7,2025-07-23 21:49:50,1763226.53,2379.2594374999994,21302.800384,247975272572,4825023110246,,
7,7,2025-07-23 21:49:50,1763226.7999999998,2397.8550416666662,21376.638976,247975272572,4825023110306,,
8,7,2025-07-23 21:49:50,1763226.68,2392.9134375,21347.2256,247975272572,4825023110246,,
9,7,2025-07-23 21:49:50,1763226.74,2391.9507499999995,21363.105792,247975272572,4825023110306,,
10,7,2025-07-23 21:49:50,1763226.44,2366.7251041666664,21262.000128,247975272374,4825023110186,,
1,8,2025-07-23 21:50:04,1763273.5099999998,2400.0008958333333,21031.948288,247975307223,4825023174325,,
2,8,2025-07-23 21:50:04,1763272.49,2389.6568125,20873.334784,247975307025,4825023173767,,
3,8,2025-07-23 21:50:05,1763272.51,2383.245895833333,20894.470144,247975307025,4825023173767,,
4,8,2025-07-23 21:50:05,1763272.47,2388.6075416666663,20873.334784,247975307025,4825023173767,,
5,8,2025-07-23 21:50:05,1763272.46,2382.4441666666667,20872.577024,247975307025,4825023173767,,
6,8,2025-07-23 21:50:05,1763272.54,2388.2330625,20932.378624,247975307025,4825023173767,,
7,8,2025-07-23 21:50:05,1763272.85,2395.2240833333335,20997.189632,247975307157,4825023174019,,
8,8,2025-07-23 21:50:04,1763272.49,2385.035083333333,20918.779904,247975307025,4825023173767,,
9,8,2025-07-23 21:50:05,1763272.5,2386.4432708333334,20874.092544,247975307025,4825023173767,,
10,8,2025-07-23 21:50:05,1763272.5,2383.1091458333335,20875.370496,247975307025,4825023173767,,
1,9,2025-07-23 21:50:19,1763319.32,2397.1441875,20935.76192,247975327032,4825023228389,,
2,9,2025-07-23 21:50:19,1763318.63,2361.6805,20814.688256,247975327032,4825023227849,,
3,9,2025-07-23 21:50:19,1763318.76,2383.8582291666667,20865.347584,247975327032,4825023228029,,
4,9,2025-07-23 21:50:19,1763318.73,2384.8687916666663,20843.311104,247975327032,4825023228029,,
5,9,2025-07-23 21:50:19,1763318.63,2361.316541666666,20814.688256,247975327032,4825023227849,,
6,9,2025-07-23 21:50:19,1763318.72,2387.7105208333337,20866.10944,247975327032,4825023228149,,
7,9,2025-07-23 21:50:19,1763319.12,2399.9101041666668,20918.034432,247975327032,4825023228389,,
8,9,2025-07-23 21:50:19,1763318.73,2383.427104166666,20843.311104,247975327032,4825023228029,,
9,9,2025-07-23 21:50:19,1763318.8800000001,2387.9351249999995,20881.77664,247975327032,4825023228149,,
10,9,2025-07-23 21:50:19,1763318.5999999999,2371.302958333333,20808.962048,247975327032,4825023227849,,
1,10,2025-07-23 21:50:34,1763365.86,2397.5958124999997,21012.107264,247975349242,4825023283577,,
2,10,2025-07-23 21:50:34,1763364.9500000002,2370.4587916666674,20878.78656,247975349242,4825023283277,,
3,10,2025-07-23 21:50:34,1763365.27,2392.5235625000005,20953.493504,247975349242,4825023283457,,
4,10,2025-07-23 21:50:34,1763364.9900000002,2371.285375,20893.933568,247975349242,4825023283277,,
5,10,2025-07-23 21:50:34,1763364.9500000002,2377.048541666667,20878.78656,247975348674,4825023282913,,
6,10,2025-07-23 21:50:34,1763365.04,2378.247479166667,20906.76224,247975349242,4825023283277,,
7,10,2025-07-23 21:50:34,1763365.82,2400.000125,21013.139456,247975349242,4825023283577,,
8,10,2025-07-23 21:50:34,1763365.19,2387.8961666666664,20950.659072,247975349242,4825023283337,,
9,10,2025-07-23 21:50:34,1763365.13,2386.2984791666663,20950.659072,247975349242,4825023283337,,
10,10,2025-07-23 21:50:34,1763365.0,2369.2701666666662,20902.567936,247975349242,4825023283277,,
1,11,2025-07-23 21:50:48,1763412.3499999999,2398.1910000000003,20790.14912,247975373926,4825023346576,,
2,11,2025-07-23 21:50:49,1763411.25,2374.0668333333338,20612.46464,247975373860,4825023346456,,
3,11,2025-07-23 21:50:49,1763411.37,2382.4167291666668,20670.038016,247975373926,4825023346456,,
4,11,2025-07-23 21:50:48,1763411.26,2376.7533125000004,20612.46464,247975373860,4825023346456,,
5,11,2025-07-23 21:50:49,1763411.29,2374.4103125000006,20612.722688,247975373860,4825023346456,,
6,11,2025-07-23 21:50:49,1763411.31,2381.123229166667,20655.648768,247975373926,4825023346456,,
7,11,2025-07-23 21:50:48,1763411.95,2396.2732291666666,20764.93824,247975373926,4825023346576,,
8,11,2025-07-23 21:50:49,1763411.53,2384.93575,20710.907904,247975373926,4825023346516,,
9,11,2025-07-23 21:50:49,1763411.4900000002,2389.9421875000003,20719.47264,247975373926,4825023346516,,
10,11,2025-07-23 21:50:49,1763411.22,2373.2725416666667,20597.57568,247975373074,4825023345790,,
1,12,2025-07-23 21:51:03,1763458.5,2400.0019166666666,20847.763456,247975395348,4825023408116,,
2,12,2025-07-23 21:51:03,1763457.6199999999,2371.090041666666,20708.282368,247975395348,4825023407336,,
3,12,2025-07-23 21:51:03,1763457.64,2376.4538333333335,20709.040128,247975395348,4825023407336,,
4,12,2025-07-23 21:51:03,1763457.6199999999,2372.0245416666667,20692.086784,247975395348,4825023407336,,
5,12,2025-07-23 21:51:03,1763457.5699999998,2361.665375,20690.825216,247975395348,4825023407216,,
6,12,2025-07-23 21:51:03,1763457.81,2386.172,20749.299712,247975395348,4825023407756,,
7,12,2025-07-23 21:51:03,1763457.98,2393.4997708333335,20797.079552,247975395348,4825023407876,,
8,12,2025-07-23 21:51:03,1763457.77,2386.728604166667,20734.91456,247975395348,4825023407456,,
9,12,2025-07-23 21:51:03,1763457.86,2392.338333333333,20778.582016,247975395348,4825023407816,,
10,12,2025-07-23 21:51:03,1763457.65,2375.1962916666666,20709.040128,247975395348,4825023407336,,
1,13,2025-07-23 21:51:18,1763503.63,2398.2956458333333,20879.72864,247975443475,4825023469768,,
2,13,2025-07-23 21:51:18,1763502.96,2387.936208333333,20760.485888,247975443475,4825023469648,,
3,13,2025-07-23 21:51:18,1763502.97,2390.476729166667,20774.862848,247975443475,4825023469648,,
4,13,2025-07-23 21:51:18,1763502.9,2376.2222291666667,20736.434176,247975443475,4825023469408,,
5,13,2025-07-23 21:51:18,1763502.9100000001,2381.16925,20744.564736,247975443475,4825023469468,,
6,13,2025-07-23 21:51:18,1763502.96,2381.5010416666664,20760.485888,247975443475,4825023469648,,
7,13,2025-07-23 21:51:18,1763503.19,2394.514125,20854.255616,247975443475,4825023469648,,
8,13,2025-07-23 21:51:18,1763502.94,2387.9670000000006,20770.410496,247975443475,4825023469648,,
9,13,2025-07-23 21:51:18,1763503.05,2390.3385,20804.145152,247975443475,4825023469648,,
10,13,2025-07-23 21:51:18,1763502.87,2369.5258333333327,20725.026816,247975443475,4825023469408,,
1,14,2025-07-23 21:51:32,1763549.31,2398.469875,20909.436928,247975463674,4825023531771,,
2,14,2025-07-23 21:51:33,1763548.32,2369.19075,20776.087552,247975463674,4825023531351,,
3,14,2025-07-23 21:51:33,1763548.5,2383.4980625000003,20833.353728,247975463674,4825023531531,,
4,14,2025-07-23 21:51:32,1763548.27,2367.1796041666666,20763.25888,247975463674,4825023531231,,
5,14,2025-07-23 21:51:33,1763548.32,2373.3911041666665,20776.087552,247975463674,4825023531351,,
6,14,2025-07-23 21:51:33,1763548.4200000002,2381.9356041666674,20818.980864,247975463674,4825023531411,,
7,14,2025-07-23 21:51:32,1763548.8599999999,2389.997645833333,20880.080896,247975463674,4825023531591,,
8,14,2025-07-23 21:51:33,1763548.54,2387.33125,20830.478336,247975463674,4825023531531,,
9,14,2025-07-23 21:51:33,1763548.6199999999,2388.0241666666666,20862.836736,247975463674,4825023531591,,
10,14,2025-07-23 21:51:32,1763548.36,2373.8816458333336,20776.087552,247975463674,4825023531411,,
1,15,2025-07-23 21:51:47,1763594.3499999999,2399.865125,20918.25152,247975487771,4825023589027,,
2,15,2025-07-23 21:51:47,1763593.77,2383.7873541666663,20822.24128,247975487771,4825023588847,,
3,15,2025-07-23 21:51:47,1763593.81,2393.9296666666664,20863.778816,247975487771,4825023588847,,
4,15,2025-07-23 21:51:47,1763593.65,2371.8700833333337,20789.878784,247975487705,4825023588787,,
5,15,2025-07-23 21:51:47,1763593.5799999998,2360.2810833333333,20767.92832,247975487137,4825023588423,,
6,15,2025-07-23 21:51:47,1763593.65,2382.6794374999995,20819.406848,247975487705,4825023588787,,
7,15,2025-07-23 21:51:47,1763593.9200000002,2390.493625,20874.993664,247975487771,4825023588847,,
8,15,2025-07-23 21:51:47,1763594.02,2392.3792083333333,20896.657408,247975487771,4825023588967,,
9,15,2025-07-23 21:51:47,1763593.77,2386.6325208333333,20822.24128,247975487771,4825023588847,,
10,15,2025-07-23 21:51:47,1763593.6099999999,2377.0053958333333,20774.719488,247975487705,4825023588787,,
1,16,2025-07-23 21:52:02,1763638.95,2395.4933541666664,20475.670528,247975533630,4825023662131,,
2,16,2025-07-23 21:52:02,1763638.6800000002,2377.355875,20376.035328,247975533630,4825023662011,,
3,16,2025-07-23 21:52:02,1763638.75,2396.892354166667,20427.546624,247975533630,4825023662131,,
4,16,2025-07-23 21:52:02,1763638.77,2398.5390416666664,20433.289216,247975533630,4825023662131,,
5,16,2025-07-23 21:52:01,1763638.55,2358.2400625,20351.438848,247975533346,4825023661589,,
6,16,2025-07-23 21:52:02,1763638.7799999998,2391.4686666666666,20416.08192,247975533630,4825023662131,,
7,16,2025-07-23 21:52:02,1763638.8599999999,2395.8983541666666,20433.805312,247975533630,4825023662131,,
8,16,2025-07-23 21:52:02,1763638.69,2386.136291666667,20376.551424,247975533630,4825023662011,,
9,16,2025-07-23 21:52:02,1763638.6300000001,2374.9302083333337,20365.053952,247975533630,4825023661951,,
10,16,2025-07-23 21:52:02,1763638.61,2374.465083333333,20371.296256,247975533630,4825023661951,,
1,17,2025-07-23 21:52:16,1763684.3,2398.4390833333337,20382.441472,247975555188,4825023726062,,
2,17,2025-07-23 21:52:16,1763684.03,2383.0183125,20345.97888,247975555188,4825023726002,,
3,17,2025-07-23 21:52:16,1763683.9,2380.6069583333333,20292.931584,247975555188,4825023725942,,
4,17,2025-07-23 21:52:16,1763683.97,2387.5497083333335,20345.97888,247975555188,4825023726002,,
5,17,2025-07-23 21:52:16,1763683.77,2361.062604166666,20279.07072,247975555188,4825023725702,,
6,17,2025-07-23 21:52:16,1763683.9,2380.5925416666664,20297.371648,247975555188,4825023725942,,
7,17,2025-07-23 21:52:16,1763684.35,2397.6617499999998,20404.883456,247975555188,4825023726062,,
8,17,2025-07-23 21:52:16,1763684.28,2398.4390833333337,20381.155328,247975555188,4825023726062,,
9,17,2025-07-23 21:52:16,1763683.95,2381.504270833333,20303.884288,247975555188,4825023725942,,
10,17,2025-07-23 21:52:16,1763683.93,2381.8816875,20303.11424,247975555188,4825023725942,,
1,18,2025-07-23 21:52:31,1763729.33,2396.598708333333,20458.323968,247975581628,4825023791717,,
2,18,2025-07-23 21:52:31,1763729.29,2396.1935416666665,20433.235968,247975581628,4825023791661,,
3,18,2025-07-23 21:52:31,1763728.8699999999,2364.505000000001,20363.046912,247975581628,4825023791305,,
4,18,2025-07-23 21:52:30,1763728.94,2377.4017916666667,20383.404032,247975581628,4825023791425,,
5,18,2025-07-23 21:52:31,1763728.73,2358.9603958333337,20343.681024,247975581628,4825023791005,,
6,18,2025-07-23 21:52:30,1763729.13,2383.7402916666665,20415.004672,247975581628,4825023791425,,
7,18,2025-07-23 21:52:30,1763729.4700000002,2396.184854166667,20481.277952,247975581628,4825023791717,,
8,18,2025-07-23 21:52:31,1763729.1,2387.5874375,20416.278528,247975581628,4825023791425,,
9,18,2025-07-23 21:52:31,1763728.97,2374.716520833333,20382.646272,247975581628,4825023791425,,
10,18,2025-07-23 21:52:31,1763728.83,2364.1520416666676,20359.335936,247975581628,4825023791305,,
1,19,2025-07-23 21:52:45,1763774.4,2396.033,20398.104576,247975603099,4825023855505,,
2,19,2025-07-23 21:52:45,1763774.25,2386.9589375,20330.139648,247975603099,4825023855505,,
3,19,2025-07-23 21:52:45,1763774.17,2384.3988541666668,20320.182272,247975603099,4825023855445,,
4,19,2025-07-23 21:52:45,1763774.2,2384.2528333333335,20320.182272,247975603099,4825023855445,,
5,19,2025-07-23 21:52:45,1763774.07,2353.869583333333,20308.471808,247975603099,4825023855085,,
6,19,2025-07-23 21:52:45,1763774.21,2378.0072916666663,20325.912576,247975603099,4825023855445,,
7,19,2025-07-23 21:52:45,1763774.2999999998,2396.17525,20374.310912,247975603099,4825023855505,,
8,19,2025-07-23 21:52:45,1763774.42,2396.0690833333333,20398.862336,247975603099,4825023855505,,
9,19,2025-07-23 21:52:45,1763774.19,2385.1609375,20318.654464,247975603099,4825023855445,,
10,19,2025-07-23 21:52:45,1763774.19,2383.4104791666664,20318.654464,247975603099,4825023855445,,
1,20,2025-07-23 21:52:59,1763819.5899999999,2397.130083333333,20426.83392,247975627840,4825023915288,,
2,20,2025-07-23 21:52:59,1763819.35,2389.9613541666668,20364.177408,247975627840,4825023915168,,
3,20,2025-07-23 21:53:00,1763819.32,2378.6495,20333.531136,247975627840,4825023915168,,
4,20,2025-07-23 21:53:00,1763819.32,2378.4499375,20325.986304,247975627840,4825023915168,,
5,20,2025-07-23 21:53:00,1763819.17,2357.320625,20320.182272,247975626704,4825023914260,,
6,20,2025-07-23 21:53:00,1763819.28,2377.6636875,20329.63584,247975627840,4825023915168,,
7,20,2025-07-23 21:53:00,1763819.73,2397.842458333333,20431.204352,247975627840,4825023915288,,
8,20,2025-07-23 21:53:00,1763819.3900000001,2385.5529375,20363.661312,247975627840,4825023915168,,
9,20,2025-07-23 21:53:00,1763819.4300000002,2392.534,20386.086912,247975627840,4825023915228,,
10,20,2025-07-23 21:53:00,1763819.3800000001,2391.3782708333333,20386.086912,247975627840,4825023915228,,
1,21,2025-07-23 21:53:14,1763864.9,2398.270083333334,20413.181952,247975650571,4825023971583,,
2,21,2025-07-23 21:53:14,1763864.4700000002,2373.993708333334,20303.62624,247975650529,4825023971403,,
3,21,2025-07-23 21:53:14,1763864.48,2372.837625000001,20303.62624,247975650529,4825023971403,,
4,21,2025-07-23 21:53:14,1763864.5299999998,2373.3141041666663,20318.777344,247975650529,4825023971403,,
5,21,2025-07-23 21:53:14,1763864.4100000001,2364.022125,20288.479232,247975650245,4825023971161,,
6,21,2025-07-23 21:53:14,1763864.6199999999,2396.0506458333334,20344.397824,247975650529,4825023971523,,
7,21,2025-07-23 21:53:14,1763864.79,2393.8324374999997,20358.488064,247975650529,4825023971523,,
8,21,2025-07-23 21:53:14,1763864.77,2395.6231875000003,20357.455872,247975650529,4825023971523,,
9,21,2025-07-23 21:53:14,1763864.69,2388.8860624999998,20341.522432,247975650529,4825023971523,,
10,21,2025-07-23 21:53:14,1763864.71,2395.6231875000003,20357.455872,247975650529,4825023971523,,
1,22,2025-07-23 21:53:29,1763909.64,2398.538020833333,20435.017728,247975668199,4825024021971,,
2,22,2025-07-23 21:53:28,1763909.7,2394.5293333333334,20434.501632,247975668199,4825024021971,,
3,22,2025-07-23 21:53:29,1763909.3800000001,2380.1727291666666,20359.168,247975668199,4825024021851,,
4,22,2025-07-23 21:53:28,1763909.34,2371.6900208333336,20354.469888,247975668199,4825024021791,,
5,22,2025-07-23 21:53:29,1763909.21,2362.8705208333326,20340.609024,247975668199,4825024021611,,
6,22,2025-07-23 21:53:28,1763909.43,2379.5477291666666,20363.395072,247975668199,4825024021911,,
7,22,2025-07-23 21:53:29,1763909.76,2397.1689375,20439.973888,247975668199,4825024021971,,
8,22,2025-07-23 21:53:28,1763909.52,2385.1370624999995,20404.453376,247975668199,4825024021911,,
9,22,2025-07-23 21:53:29,1763909.49,2381.3604375,20377.25184,247975668199,4825024021911,,
10,22,2025-07-23 21:53:28,1763909.43,2379.5477291666666,20363.395072,247975668199,4825024021911,,
1,23,2025-07-23 21:53:43,1763954.36,2397.113083333333,20498.98496,247975689922,4825024083852,,
2,23,2025-07-23 21:53:43,1763953.93,2378.986166666667,20407.386112,247975689922,4825024083562,,
3,23,2025-07-23 21:53:43,1763953.7999999998,2374.9872499999997,20390.428672,247975689353,4825024082142,,
4,23,2025-07-23 21:53:43,1763953.7999999998,2376.691458333333,20377.071616,247975689353,4825024082142,,
5,23,2025-07-23 21:53:43,1763953.65,2357.326375,20365.053952,247975688787,4825024080295,,
6,23,2025-07-23 21:53:43,1763953.8399999999,2381.4169375,20391.460864,247975689353,4825024082142,,
7,23,2025-07-23 21:53:43,1763953.9,2384.2281875,20392.493056,247975689353,4825024082322,,
8,23,2025-07-23 21:53:43,1763954.19,2396.8925833333337,20468.158464,247975689922,4825024083732,,
9,23,2025-07-23 21:53:43,1763954.1,2396.8925833333337,20468.158464,247975689922,4825024083732,,
10,23,2025-07-23 21:53:43,1763953.8399999999,2385.6466458333334,20392.493056,247975689353,4825024082322,,
1,24,2025-07-23 21:53:58,1763999.5599999998,2399.0778124999997,20494.020608,247975718500,4825024154030,,
2,24,2025-07-23 21:53:58,1763999.1500000001,2387.165729166667,20436.922368,247975718500,4825024153970,,
3,24,2025-07-23 21:53:58,1763998.91,2370.230458333333,20373.741568,247975718500,4825024153850,,
4,24,2025-07-23 21:53:58,1763999.04,2389.147770833333,20423.061504,247975718500,4825024153850,,
5,24,2025-07-23 21:53:58,1763998.7400000002,2357.838645833333,20359.880704,247975718434,4825024153430,,
6,24,2025-07-23 21:53:58,1763998.95,2375.461395833333,20374.257664,247975718500,4825024153850,,
7,24,2025-07-23 21:53:58,1763999.02,2389.608666666667,20423.061504,247975718500,4825024153850,,
8,24,2025-07-23 21:53:58,1763999.28,2393.7343958333336,20471.656448,247975718500,4825024153970,,
9,24,2025-07-23 21:53:58,1763999.1500000001,2387.166166666667,20437.680128,247975718500,4825024153970,,
10,24,2025-07-23 21:53:58,1763998.93,2371.315458333333,20373.741568,247975718500,4825024153790,,
1,25,2025-07-23 21:54:12,1764044.1400000001,2399.9999375,20462.91968,247975769050,4825024216780,,
2,25,2025-07-23 21:54:12,1764043.6099999999,2387.0369375,20407.611392,247975769050,4825024216600,,
3,25,2025-07-23 21:54:12,1764043.5899999999,2377.438583333333,20370.489344,247975769050,4825024216600,,
4,25,2025-07-23 21:54:12,1764043.58,2379.0713541666664,20368.941056,247975769050,4825024216600,,
5,25,2025-07-23 21:54:12,1764043.48,2357.769562499999,20356.112384,247975767914,4825024215812,,
6,25,2025-07-23 21:54:12,1764043.7200000002,2382.7682708333327,20438.249472,247975769050,4825024216780,,
7,25,2025-07-23 21:54:12,1764044.04,2399.874458333333,20459.58144,247975769050,4825024216780,,
8,25,2025-07-23 21:54:12,1764043.9700000002,2394.8831250000003,20457.7792,247975769050,4825024216780,,
9,25,2025-07-23 21:54:12,1764043.58,2373.2127708333333,20368.941056,247975769050,4825024216600,,
10,25,2025-07-23 21:54:12,1764043.56,2379.8619166666667,20368.941056,247975769050,4825024216600,,
1,26,2025-07-23 21:54:27,1764090.12,2397.496125,20492.22656,247975789579,4825024276982,,
2,26,2025-07-23 21:54:27,1764089.41,2375.5475208333332,20365.914112,247975789579,4825024276322,,
3,26,2025-07-23 21:54:27,1764089.51,2388.4587916666665,20428.087296,247975789579,4825024276622,,
4,26,2025-07-23 21:54:27,1764089.41,2373.0994375,20365.914112,247975789579,4825024276562,,
5,26,2025-07-23 21:54:27,1764089.3499999999,2362.7876666666666,20353.08544,247975789295,4825024276140,,
6,26,2025-07-23 21:54:27,1764089.44,2382.5400833333338,20383.940608,247975789579,4825024276562,,
7,26,2025-07-23 21:54:27,1764089.9000000001,2399.080395833333,20463.988736,247975789579,4825024276922,,
8,26,2025-07-23 21:54:27,1764089.78,2390.784208333334,20440.567808,247975789579,4825024276922,,
9,26,2025-07-23 21:54:27,1764089.42,2380.7718333333332,20365.914112,247975789579,4825024276562,,
10,26,2025-07-23 21:54:27,1764089.46,2376.6716250000004,20418.998272,247975789579,4825024276622,,
1,27,2025-07-23 21:54:41,1764135.41,2398.527833333333,20467.134464,247975812365,4825024339680,,
2,27,2025-07-23 21:54:41,1764135.05,2379.219458333333,20411.265024,247975812365,4825024339620,,
3,27,2025-07-23 21:54:41,1764135.09,2394.9221041666665,20424.31488,247975812365,4825024339620,,
4,27,2025-07-23 21:54:41,1764134.99,2380.460270833333,20383.27296,247975812365,4825024339620,,
5,27,2025-07-23 21:54:41,1764134.76,2359.3725208333335,20356.337664,247975811759,4825024337943,,
6,27,2025-07-23 21:54:41,1764135.1300000001,2390.2265625,20421.7344,247975812365,4825024339620,,
7,27,2025-07-23 21:54:41,1764135.3199999998,2397.697083333333,20467.134464,247975812365,4825024339680,,
8,27,2025-07-23 21:54:41,1764135.21,2392.7283541666666,20443.926528,247975812365,4825024339620,,
9,27,2025-07-23 21:54:41,1764134.9,2367.144770833334,20367.09376,247975812365,4825024339500,,
10,27,2025-07-23 21:54:41,1764134.99,2380.460270833333,20383.27296,247975812365,4825024339620,,
1,28,2025-07-23 21:54:56,1764181.08,2398.4387916666665,20486.619136,247975832577,4825024393295,,
2,28,2025-07-23 21:54:56,1764180.41,2394.4558333333334,20438.863872,247975832577,4825024392771,,
3,28,2025-07-23 21:54:56,1764180.23,2384.1979583333336,20369.825792,247975832577,4825024392651,,
4,28,2025-07-23 21:54:56,1764180.3299999998,2384.6881666666663,20401.21344,247975832577,4825024392651,,
5,28,2025-07-23 21:54:56,1764180.1600000001,2368.096104166667,20341.334016,247975832577,4825024392531,,
6,28,2025-07-23 21:54:56,1764180.48,2395.7388333333333,20438.863872,247975832577,4825024392771,,
7,28,2025-07-23 21:54:56,1764180.41,2394.659875,20410.118144,247975832577,4825024392651,,
8,28,2025-07-23 21:54:56,1764180.29,2383.7030624999998,20382.912512,247975832577,4825024392651,,
9,28,2025-07-23 21:54:56,1764180.19,2365.156979166667,20341.334016,247975832577,4825024392531,,
10,28,2025-07-23 21:54:56,1764180.2400000002,2377.1103541666666,20369.309696,247975832577,4825024392651,,
1,29,2025-07-23 21:55:10,1764225.69,2400.0009166666664,20465.569792,247975853805,4825024450430,,
2,29,2025-07-23 21:55:10,1764225.3199999998,2389.453979166666,20386.258944,247975853805,4825024450310,,
3,29,2025-07-23 21:55:10,1764225.11,2368.234749999999,20337.655808,247975853805,4825024450130,,
4,29,2025-07-23 21:55:10,1764225.27,2388.3598541666665,20370.046976,247975853805,4825024450310,,
5,29,2025-07-23 21:55:10,1764224.99,2360.705333333334,20324.573184,247975853805,4825024450070,,
6,29,2025-07-23 21:55:10,1764225.29,2390.5052291666666,20374.48704,247975853805,4825024450310,,
7,29,2025-07-23 21:55:10,1764225.3699999999,2393.2878333333333,20410.5728,247975853805,4825024450370,,
8,29,2025-07-23 21:55:10,1764225.38,2393.5264375,20411.088896,247975853805,4825024450370,,
9,29,2025-07-23 21:55:10,1764225.12,2372.2409374999993,20336.88576,247975853805,4825024450130,,
10,29,2025-07-23 21:55:10,1764225.27,2391.9059791666664,20379.2384,247975853805,4825024450310,,
1,30,2025-07-23 21:55:25,1764271.03,2397.9368541666668,20455.063552,247975872693,4825024510295,,
2,30,2025-07-23 21:55:25,1764270.7,2387.8787291666663,20420.124672,247975872693,4825024510235,,
3,30,2025-07-23 21:55:25,1764270.44,2375.622895833334,20356.677632,247975872693,4825024510235,,
4,30,2025-07-23 21:55:25,1764270.48,2382.2334374999996,20385.181696,247975872693,4825024510235,,
5,30,2025-07-23 21:55:25,1764270.31,2353.5646250000004,20333.436928,247975871557,4825024509507,,
6,30,2025-07-23 21:55:25,1764270.5499999998,2383.1592708333337,20387.500032,247975872693,4825024510235,,
7,30,2025-07-23 21:55:25,1764271.06,2399.2172499999997,20456.087552,247975872693,4825024510295,,
8,30,2025-07-23 21:55:25,1764270.65,2388.4462291666664,20420.882432,247975872693,4825024510235,,
9,30,2025-07-23 21:55:25,1764270.3900000001,2368.038520833333,20345.18016,247975872561,4825024510235,,
10,30,2025-07-23 21:55:25,1764270.44,2368.8612500000004,20355.907584,247975872693,4825024510235,,
1,31,2025-07-23 21:55:39,1764315.98,2396.486541666667,20490.326016,247975895756,4825024574407,,
2,31,2025-07-23 21:55:39,1764315.55,2383.1372708333333,20407.611392,247975895756,4825024574167,,
3,31,2025-07-23 21:55:39,1764315.45,2372.8184791666667,20376.428544,247975895756,4825024573891,,
4,31,2025-07-23 21:55:39,1764315.55,2383.7886041666666,20406.325248,247975895756,4825024574167,,
5,31,2025-07-23 21:55:39,1764315.3900000001,2358.3472291666662,20363.599872,247975895472,4825024573529,,
6,31,2025-07-23 21:55:39,1764315.52,2384.822958333333,20406.325248,247975895756,4825024574167,,
7,31,2025-07-23 21:55:39,1764315.83,2398.2285208333337,20459.241472,247975895756,4825024574407,,
8,31,2025-07-23 21:55:39,1764315.87,2396.647104166667,20456.419328,247975895756,4825024574407,,
9,31,2025-07-23 21:55:39,1764315.47,2386.543958333333,20383.285248,247975895756,4825024574167,,
10,31,2025-07-23 21:55:39,1764315.48,2374.9011250000003,20371.750912,247975895756,4825024573891,,
1,32,2025-07-23 21:55:54,1764362.5,2398.6311875000006,20420.636672,247975918569,4825024633322,,
2,32,2025-07-23 21:55:54,1764361.94,2387.9885833333333,20359.962624,247975918569,4825024632962,,
3,32,2025-07-23 21:55:54,1764361.71,2378.5788124999995,20306.98496,247975918569,4825024632962,,
4,32,2025-07-23 21:55:54,1764361.7,2373.4750208333335,20292.599808,247975918569,4825024632962,,
5,32,2025-07-23 21:55:54,1764361.66,2363.014645833334,20279.25504,247975918569,4825024632902,,
6,32,2025-07-23 21:55:54,1764361.8,2379.0593125,20334.698496,247975918569,4825024632962,,
7,32,2025-07-23 21:55:54,1764362.17,2392.0718125000003,20424.708096,247975918569,4825024633142,,
8,32,2025-07-23 21:55:54,1764361.98,2392.1815625000004,20375.044096,247975918569,4825024633082,,
9,32,2025-07-23 21:55:54,1764361.75,2383.1410416666663,20308.271104,247975918569,4825024632962,,
10,32,2025-07-23 21:55:54,1764361.73,2385.454145833333,20306.98496,247975918569,4825024632962,,
1,33,2025-07-23 21:56:08,1764406.66,2397.438541666667,19954.03264,247975957171,4825024705834,,
2,33,2025-07-23 21:56:08,1764406.27,2388.6807916666667,19863.420928,247975957171,4825024705654,,
3,33,2025-07-23 21:56:08,1764406.1600000001,2366.392395833334,19836.731392,247975957171,4825024705654,,
4,33,2025-07-23 21:56:08,1764406.34,2396.4716875000004,19909.65248,247975957171,4825024705834,,
5,33,2025-07-23 21:56:08,1764406.02,2354.366479166667,19822.85824,247975957105,4825024705354,,
6,33,2025-07-23 21:56:08,1764406.27,2388.81575,19864.190976,247975957171,4825024705654,,
7,33,2025-07-23 21:56:08,1764406.21,2378.661729166666,19850.07616,247975957171,4825024705654,,
8,33,2025-07-23 21:56:08,1764406.48,2400.0006458333332,19936.817152,247975957171,4825024705834,,
9,33,2025-07-23 21:56:08,1764406.2,2375.8851250000002,19850.07616,247975957171,4825024705654,,
10,33,2025-07-23 21:56:08,1764406.36,2390.99675,19884.306432,247975957171,4825024705834,,
1,34,2025-07-23 21:56:23,1764449.87,2396.392333333333,19927.154688,247975982958,4825024770158,,
2,34,2025-07-23 21:56:23,1764449.56,2384.8270208333333,19909.746688,247975982892,4825024770042,,
3,34,2025-07-23 21:56:23,1764449.35,2367.247520833333,19815.235584,247975982892,4825024769862,,
4,34,2025-07-23 21:56:23,1764449.4100000001,2386.4918125000004,19846.045696,247975982892,4825024769862,,
5,34,2025-07-23 21:56:23,1764449.3199999998,2363.708916666667,19814.465536,247975982892,4825024769742,,
6,34,2025-07-23 21:56:22,1764449.45,2386.39975,19876.864,247975982892,4825024769862,,
7,34,2025-07-23 21:56:23,1764449.37,2371.4513125,19844.759552,247975982892,4825024769862,,
8,34,2025-07-23 21:56:23,1764449.83,2400.0000208333336,19937.345536,247975982958,4825024770158,,
9,34,2025-07-23 21:56:23,1764449.38,2383.6893125,19846.045696,247975982892,4825024769862,,
10,34,2025-07-23 21:56:22,1764449.87,2396.392333333333,19927.154688,247975982958,4825024770158,,
1,35,2025-07-23 21:56:37,1764492.93,2396.5703125,19942.047744,247976009896,4825024828192,,
2,35,2025-07-23 21:56:37,1764492.76,2396.5582916666667,19928.969216,247976009896,4825024828012,,
3,35,2025-07-23 21:56:37,1764492.4300000002,2375.8118541666668,19857.514496,247976009501,4825024827640,,
4,35,2025-07-23 21:56:37,1764492.6099999999,2382.0911041666664,19885.7728,247976009501,4825024827880,,
5,35,2025-07-23 21:56:37,1764492.3,2361.4037291666664,19829.280768,247976009501,4825024827580,,
6,35,2025-07-23 21:56:37,1764492.5499999998,2375.6113333333333,19885.7728,247976009501,4825024827880,,
7,35,2025-07-23 21:56:37,1764492.5499999998,2380.674125,19872.161792,247976009501,4825024827880,,
8,35,2025-07-23 21:56:37,1764492.77,2390.1055,19915.03872,247976009896,4825024828012,,
9,35,2025-07-23 21:56:37,1764492.34,2364.323708333334,19837.915136,247976009501,4825024827580,,
10,35,2025-07-23 21:56:37,1764492.8399999999,2396.5582916666667,19930.001408,247976009896,4825024828012,,
1,36,2025-07-23 21:56:51,1764535.93,2396.3903333333333,19940.192256,247976030817,4825024885981,,
2,36,2025-07-23 21:56:51,1764535.83,2392.2681875,19922.71872,247976030817,4825024885805,,
3,36,2025-07-23 21:56:51,1764535.5,2367.8647708333333,19846.975488,247976030297,4825024885545,,
4,36,2025-07-23 21:56:51,1764535.5699999998,2371.1688125,19862.380544,247976030297,4825024885545,,
5,36,2025-07-23 21:56:51,1764535.4500000002,2364.059958333334,19833.114624,247976030013,4825024885303,,
6,36,2025-07-23 21:56:51,1764535.64,2377.3605208333333,19886.931968,247976030817,4825024885805,,
7,36,2025-07-23 21:56:51,1764535.77,2387.0106041666672,19907.305472,247976030817,4825024885805,,
8,36,2025-07-23 21:56:51,1764536.04,2399.6667916666665,19965.80864,247976030817,4825024886041,,
9,36,2025-07-23 21:56:51,1764535.54,2370.9398125,19862.380544,247976030297,4825024885545,,
10,36,2025-07-23 21:56:51,1764535.78,2392.477979166667,19907.305472,247976030817,4825024885805,,
1,37,2025-07-23 21:57:06,1764579.4100000001,2397.3149583333334,19796.656128,247976055526,4825024952375,,
2,37,2025-07-23 21:57:06,1764579.4400000002,2396.0582083333334,19796.656128,247976055526,4825024952375,,
3,37,2025-07-23 21:57:06,1764579.03,2360.6613541666666,19687.837696,247976055526,4825024952015,,
4,37,2025-07-23 21:57:06,1764579.1800000002,2389.418375,19762.302976,247976055526,4825024952135,,
5,37,2025-07-23 21:57:06,1764579.01,2359.8548125,19687.337984,247976055526,4825024952015,,
6,37,2025-07-23 21:57:06,1764579.09,2381.6566249999996,19719.438336,247976055526,4825024952135,,
7,37,2025-07-23 21:57:06,1764579.1300000001,2382.5920833333334,19746.89792,247976055526,4825024952135,,
8,37,2025-07-23 21:57:06,1764579.32,2397.577833333333,19794.075648,247976055526,4825024952135,,
9,37,2025-07-23 21:57:06,1764579.09,2380.1722499999996,19719.438336,247976055526,4825024952135,,
10,37,2025-07-23 21:57:06,1764579.1,2382.6215625,19719.438336,247976055526,4825024952135,,
1,38,2025-07-23 21:57:20,1764623.1500000001,2394.9883333333332,19892.740096,247976104905,4825025010338,,
2,38,2025-07-23 21:57:20,1764622.94,2390.3237708333336,19832.40192,247976104905,4825025010158,,
3,38,2025-07-23 21:57:20,1764622.72,2370.44375,19790.626816,247976104905,4825025010098,,
4,38,2025-07-23 21:57:20,1764622.76,2370.356916666667,19790.872576,247976104905,4825025010098,,
5,38,2025-07-23 21:57:20,1764622.7,2371.4482083333337,19777.798144,247976104905,4825025010038,,
6,38,2025-07-23 21:57:20,1764622.85,2382.5394374999996,19830.337536,247976104905,4825025010158,,
7,38,2025-07-23 21:57:20,1764622.86,2384.788645833333,19830.853632,247976104905,4825025010158,,
8,38,2025-07-23 21:57:20,1764623.09,2397.0165625,19893.772288,247976104905,4825025010338,,
9,38,2025-07-23 21:57:20,1764622.76,2365.6335624999997,19790.872576,247976104905,4825025010098,,
10,38,2025-07-23 21:57:20,1764622.9500000002,2392.0469375,19832.40192,247976104905,4825025010158,,
1,39,2025-07-23 21:57:35,1764666.55,2395.669604166667,19905.568768,247976123427,4825025069090,,
2,39,2025-07-23 21:57:37,1764690.35,2400.0016458333334,20361.719808,247976124587,4825025076124,,
3,39,2025-07-23 21:57:35,1764666.0099999998,2365.1028541666665,19825.270784,247976123295,4825025068574,,
4,39,2025-07-23 21:57:35,1764666.4100000001,2387.338145833333,19892.035584,247976123427,4825025069090,,
5,39,2025-07-23 21:57:35,1764665.9899999998,2364.274979166666,19817.365504,247976122291,4825025067846,,
6,39,2025-07-23 21:57:35,1764666.23,2379.0306875000006,19874.062336,247976123427,4825025069090,,
7,39,2025-07-23 21:57:35,1764666.25,2374.7172916666664,19858.65728,247976123427,4825025069090,,
8,39,2025-07-23 21:57:35,1764666.7000000002,2399.9999791666664,19944.98048,247976123427,4825025069330,,
9,39,2025-07-23 21:57:35,1764666.0299999998,2365.5157083333334,19840.929792,247976123427,4825025068634,,
10,39,2025-07-23 21:57:34,1764666.46,2395.3641875000008,19895.648256,247976123427,4825025069090,,
1,40,2025-07-23 21:57:52,1764713.79,2393.713875,19912.798208,247976197959,4825025207034,,
2,40,2025-07-23 21:57:52,1764713.85,2394.051520833333,19927.445504,247976197959,4825025207034,,
3,40,2025-07-23 21:57:52,1764713.54,2367.2521249999995,19853.713408,247976197161,4825025206246,,
4,40,2025-07-23 21:57:52,1764713.85,2392.8886875,19927.445504,247976197959,4825025207034,,
5,40,2025-07-23 21:57:52,1764713.4300000002,2360.518333333333,19834.94144,247976195187,4825025204792,,
6,40,2025-07-23 21:57:52,1764713.71,2384.148395833333,19867.844608,247976197827,4825025207034,,
7,40,2025-07-23 21:57:52,1764713.69,2379.5198541666664,19867.844608,247976197827,4825025207034,,
8,40,2025-07-23 21:57:52,1764714.02,2397.0538958333327,19976.003584,247976197959,4825025207094,,
9,40,2025-07-23 21:57:52,1764713.62,2372.426270833333,19867.328512,247976197827,4825025206974,,
10,40,2025-07-23 21:57:52,1764713.77,2391.4121250000003,19911.766016,247976197959,4825025207034,,
1,41,2025-07-23 21:58:06,1764760.39,2395.7943124999997,20023.05024,247976268685,4825025302320,,
2,41,2025-07-23 21:58:06,1764760.3299999998,2396.2271458333335,20025.720832,247976268685,4825025302320,,
3,41,2025-07-23 21:58:06,1764759.9,2377.9755833333334,19917.59872,247976268685,4825025302024,,
4,41,2025-07-23 21:58:06,1764760.11,2379.205229166667,19959.758848,247976268685,4825025302320,,
5,41,2025-07-23 21:58:06,1764759.66,2358.2488749999998,19896.049664,247976268685,4825025301904,,
6,41,2025-07-23 21:58:06,1764759.95,2378.079520833333,19919.904768,247976268685,4825025302024,,
7,41,2025-07-23 21:58:06,1764759.99,2384.2265624999995,19920.924672,247976268685,4825025302024,,
8,41,2025-07-23 21:58:06,1764760.6199999999,2398.6337291666664,20058.877952,247976268685,4825025302320,,
9,41,2025-07-23 21:58:06,1764759.95,2376.6192499999997,19918.35648,247976268685,4825025302024,,
10,41,2025-07-23 21:58:06,1764760.04,2382.7804375,19953.50016,247976268685,4825025302260,,
1,42,2025-07-23 21:58:22,1764832.49,2398.5899791666666,21255.68,247976289420,4825025628499,,
2,42,2025-07-23 21:58:22,1764830.5799999998,2374.86825,21079.580672,247976289246,4825025627653,,
3,42,2025-07-23 21:58:22,1764830.9500000002,2387.7966875,21157.789696,247976289246,4825025627953,,
4,42,2025-07-23 21:58:22,1764830.4300000002,2376.0112916666667,21062.88128,247976289246,4825025627653,,
5,42,2025-07-23 21:58:22,1764830.4700000002,2383.0299791666666,21076.738048,247976289246,4825025627653,,
6,42,2025-07-23 21:58:22,1764830.35,2373.6255208333328,21046.054912,247976289246,4825025627473,,
7,42,2025-07-23 21:58:22,1764830.78,2388.8362083333336,21148.327936,247976289246,4825025627953,,
8,42,2025-07-23 21:58:22,1764830.5,2378.8204374999996,21063.913472,247976289246,4825025627653,,
9,42,2025-07-23 21:58:22,1764831.41,2393.3623541666666,21200.539648,247976289246,4825025628253,,
10,42,2025-07-23 21:58:22,1764830.44,2376.8515624999995,21060.108288,247976289246,4825025627653,,
1,43,2025-07-23 21:58:37,1764890.3,2384.901604166667,21824.14336,247976311279,4825026172832,,
2,43,2025-07-23 21:58:37,1764890.5,2398.3660416666667,21858.070528,247976311279,4825026172892,,
3,43,2025-07-23 21:58:37,1764889.67,2370.244208333333,21742.149632,247976311279,4825026172472,,
4,43,2025-07-23 21:58:37,1764890.3,2397.9296458333333,21834.084352,247976311279,4825026172892,,
5,43,2025-07-23 21:58:37,1764889.62,2362.9052500000003,21727.244288,247976310995,4825026172290,,
6,43,2025-07-23 21:58:37,1764890.04,2374.565979166667,21799.043072,247976311279,4825026172772,,
7,43,2025-07-23 21:58:37,1764889.6800000002,2374.474395833333,21741.633536,247976311279,4825026172472,,
8,43,2025-07-23 21:58:37,1764890.56,2396.1678541666665,21866.704896,247976311279,4825026172952,,
9,43,2025-07-23 21:58:37,1764889.73,2370.4247499999997,21770.1376,247976311279,4825026172472,,
10,43,2025-07-23 21:58:37,1764890.06,2380.4955625000007,21791.248384,247976311279,4825026172532,,
1,44,2025-07-23 21:58:52,1764934.36,2390.499208333333,21846.36416,247976331361,4825026328887,,
2,44,2025-07-23 21:58:52,1764934.55,2395.2533124999995,21850.492928,247976331361,4825026328887,,
3,44,2025-07-23 21:58:52,1764933.8699999999,2364.6106041666676,21737.467904,247976331295,4825026328161,,
4,44,2025-07-23 21:58:52,1764934.3800000001,2389.592916666666,21819.162624,247976331361,4825026328707,,
5,44,2025-07-23 21:58:52,1764933.8399999999,2366.8965625,21737.467904,247976330727,4825026327737,,
6,44,2025-07-23 21:58:52,1764934.06,2378.2734791666667,21798.07232,247976331361,4825026328467,,
7,44,2025-07-23 21:58:52,1764933.89,2366.2885000000006,21750.566912,247976331295,4825026328341,,
8,44,2025-07-23 21:58:52,1764934.83,2398.271270833334,21881.786368,247976331361,4825026328887,,
9,44,2025-07-23 21:58:52,1764933.98,2379.3940625,21769.388032,247976331295,4825026328467,,
10,44,2025-07-23 21:58:52,1764934.3800000001,2389.592916666666,21819.162624,247976331361,4825026328707,,
1,45,2025-07-23 21:59:06,1764978.56,2394.019354166667,21837.582336,247976354061,4825026435284,,
2,45,2025-07-23 21:59:06,1764978.84,2397.3753749999996,21883.727872,247976354061,4825026435284,,
3,45,2025-07-23 21:59:06,1764978.1800000002,2369.0633958333333,21768.712192,247976354061,4825026434924,,
4,45,2025-07-23 21:59:06,1764978.7,2394.5235833333336,21870.206976,247976354061,4825026435284,,
5,45,2025-07-23 21:59:06,1764978.1,2361.8264374999994,21754.576896,247976353493,4825026434440,,
6,45,2025-07-23 21:59:06,1764978.3399999999,2374.2340833333337,21800.308736,247976354061,4825026435164,,
7,45,2025-07-23 21:59:06,1764978.22,2371.71725,21781.295104,247976354061,4825026434924,,
8,45,2025-07-23 21:59:06,1764978.68,2392.7432083333338,21868.417024,247976354061,4825026435284,,
9,45,2025-07-23 21:59:06,1764978.23,2385.8168125,21798.03136,247976354061,4825026434924,,
10,45,2025-07-23 21:59:06,1764978.62,2391.3094583333336,21836.812288,247976354061,4825026435284,,
1,46,2025-07-23 21:59:21,1765023.26,2383.431583333333,21869.453312,247976374037,4825026487008,,
2,46,2025-07-23 21:59:21,1765023.75,2400.0002291666665,21942.431744,247976374037,4825026487248,,
3,46,2025-07-23 21:59:21,1765022.78,2369.6314374999997,21817.024512,247976374037,4825026486828,,
4,46,2025-07-23 21:59:21,1765023.59,2393.031833333333,21920.845824,247976374037,4825026487248,,
5,46,2025-07-23 21:59:21,1765022.71,2366.8980625,21801.095168,247976374037,4825026486652,,
6,46,2025-07-23 21:59:21,1765023.25,2386.1253749999996,21870.219264,247976374037,4825026487008,,
7,46,2025-07-23 21:59:21,1765022.97,2370.763770833333,21848.61696,247976374037,4825026486888,,
8,46,2025-07-23 21:59:21,1765023.87,2398.349291666667,21942.94784,247976374037,4825026487248,,
9,46,2025-07-23 21:59:21,1765022.79,2364.4365208333334,21818.048512,247976374037,4825026486828,,
10,46,2025-07-23 21:59:21,1765023.37,2383.6787083333334,21884.596224,247976374037,4825026487008,,
1,47,2025-07-23 21:59:36,1765067.6800000002,2386.282291666667,21895.770112,247976393526,4825026540280,,
2,47,2025-07-23 21:59:35,1765068.19,2397.5701875,21958.754304,247976393526,4825026540460,,
3,47,2025-07-23 21:59:36,1765067.31,2360.103145833333,21825.69984,247976393526,4825026540100,,
4,47,2025-07-23 21:59:36,1765067.6600000001,2387.8239166666667,21895.254016,247976393526,4825026540280,,
5,47,2025-07-23 21:59:36,1765067.3199999998,2360.0147083333336,21825.69984,247976393526,4825026540100,,
6,47,2025-07-23 21:59:36,1765067.56,2375.167354166666,21879.853056,247976393526,4825026540160,,
7,47,2025-07-23 21:59:36,1765067.42,2369.629916666667,21849.800704,247976393526,4825026540100,,
8,47,2025-07-23 21:59:36,1765068.0099999998,2396.7726666666667,21941.854208,247976393526,4825026540280,,
9,47,2025-07-23 21:59:36,1765067.42,2373.7456458333336,21865.721856,247976393526,4825026540100,,
10,47,2025-07-23 21:59:36,1765067.8,2389.7510625,21924.9664,247976393526,4825026540280,,
1,48,2025-07-23 21:59:50,1765112.2599999998,2387.9343125,21920.817152,247976418143,4825026604313,,
2,48,2025-07-23 21:59:50,1765112.8,2399.6840416666664,21983.27296,247976418209,4825026604433,,
3,48,2025-07-23 21:59:50,1765111.84,2368.1846874999997,21834.776576,247976418143,4825026604007,,
4,48,2025-07-23 21:59:50,1765112.2999999998,2391.0501249999998,21938.028544,247976418143,4825026604313,,
5,48,2025-07-23 21:59:50,1765111.8,2369.314,21833.547776,247976417859,4825026603825,,
6,48,2025-07-23 21:59:50,1765112.07,2381.4731041666664,21890.502656,247976418143,4825026604127,,
7,48,2025-07-23 21:59:50,1765112.01,2376.5940208333336,21877.420032,247976418143,4825026604127,,
8,48,2025-07-23 21:59:50,1765112.56,2389.7474166666666,21959.876608,247976418209,4825026604313,,
9,48,2025-07-23 21:59:50,1765111.8800000001,2373.7292291666668,21862.518784,247976418143,4825026604067,,
10,48,2025-07-23 21:59:50,1765112.11,2383.1301250000006,21905.65376,247976418143,4825026604247,,
1,49,2025-07-23 22:00:05,1765156.51,2387.5992291666666,21918.314496,247976442264,4825026666248,,
2,49,2025-07-23 22:00:05,1765156.9100000001,2399.2793749999996,21997.473792,247976442330,4825026666488,,
3,49,2025-07-23 22:00:05,1765156.01,2370.809375,21842.571264,247976441696,4825026665284,,
4,49,2025-07-23 22:00:05,1765156.63,2393.5685,21951.459328,247976442264,4825026666248,,
5,49,2025-07-23 22:00:05,1765156.02,2364.563229166667,21849.624576,247976442264,4825026665708,,
6,49,2025-07-23 22:00:05,1765156.3199999998,2375.5842916666666,21889.61792,247976442264,4825026665948,,
7,49,2025-07-23 22:00:05,1765156.23,2374.1390625000004,21888.585728,247976442264,4825026665948,,
8,49,2025-07-23 22:00:05,1765156.74,2398.3291875,21955.555328,247976442330,4825026666248,,
9,49,2025-07-23 22:00:05,1765156.09,2363.4635833333327,21872.390144,247976442264,4825026665708,,
10,49,2025-07-23 22:00:05,1765156.46,2382.5736250000004,21915.480064,247976442264,4825026665948,,
1,50,2025-07-23 22:00:19,1765200.91,2390.1893750000004,21960.753152,247976495913,4825026750382,,
2,50,2025-07-23 22:00:19,1765201.18,2397.042458333334,21983.911936,247976495913,4825026750442,,
3,50,2025-07-23 22:00:19,1765200.33,2372.948520833333,21882.462208,247976495323,4825026748741,,
4,50,2025-07-23 22:00:19,1765200.7,2379.8132500000006,21938.876416,247976495913,4825026750270,,
5,50,2025-07-23 22:00:19,1765200.28,2363.0329583333337,21869.375488,247976494689,4825026748317,,
6,50,2025-07-23 22:00:19,1765200.55,2377.771625,21909.348352,247976495323,4825026748921,,
7,50,2025-07-23 22:00:19,1765200.6,2374.1907083333335,21913.542656,247976495323,4825026748921,,
8,50,2025-07-23 22:00:19,1765201.25,2400.000125,22015.516672,247976495913,4825026750946,,
9,50,2025-07-23 22:00:19,1765200.36,2372.2955624999995,21882.707968,247976495323,4825026748741,,
10,50,2025-07-23 22:00:19,1765201.06,2393.5420416666666,21979.52512,247976495913,4825026750442,,
