client_rank,round,data_size,data_variance,local_loss,local_accuracy
8,1,17,0.06707064807415009,2.2315378189086914,23.52941185235977
10,1,7233,0.0628797709941864,2.3824431896209717,23.53103756904602
7,1,3403,0.06287360936403275,3.046881914138794,11.40170469880104
3,1,2863,0.06398395448923111,3.142714500427246,12.783792614936829
9,1,464,0.06221318989992142,2.361907482147217,9.267241507768631
6,1,1343,0.0623667910695076,2.421480894088745,13.775129616260529
1,1,5864,0.06388233602046967,2.2419564723968506,17.17257797718048
5,1,6266,0.06289754062891006,2.7537858486175537,19.278647005558014
4,1,9129,0.06348567456007004,2.149373769760132,26.311755180358887
2,1,13418,0.06336045265197754,1.7582128047943115,37.18139827251434
8,2,17,0.06707064807415009,2.4362974166870117,11.764705926179886
9,2,464,0.06221318989992142,2.4686875343322754,15.948276221752167
6,2,1343,0.0623667910695076,2.3625400066375732,14.892032742500305
7,2,3403,0.06287360936403275,2.532886266708374,20.77578604221344
3,2,2863,0.06398395448923111,2.538468837738037,16.556060314178467
10,2,7233,0.0628797709941864,1.962431788444519,30.236417055130005
5,2,6266,0.06289754062891006,2.017491340637207,24.640919268131256
1,2,5864,0.06388233602046967,2.323319911956787,22.356753051280975
4,2,9129,0.06348567456007004,1.6720062494277954,35.677510499954224
2,2,13418,0.06336045265197754,1.4376657009124756,50.0
8,3,17,0.06707064807415009,2.4442179203033447,11.764705926179886
9,3,464,0.06221318989992142,2.1507246494293213,23.275862634181976
7,3,3403,0.06287360936403275,1.6460423469543457,40.640610456466675
3,3,2863,0.06398395448923111,2.1467528343200684,26.231226325035095
10,3,7233,0.0628797709941864,1.4758102893829346,47.2003310918808
6,3,1343,0.0623667910695076,2.0631000995635986,23.678332567214966
5,3,6266,0.06289754062891006,1.5600823163986206,42.80242621898651
1,3,5864,0.06388233602046967,1.5625666379928589,41.84856712818146
4,3,9129,0.06348567456007004,1.6239041090011597,44.046446681022644
2,3,13418,0.06336045265197754,1.3719773292541504,50.14905333518982
8,4,17,0.06707064807415009,1.7883305549621582,29.411765933036804
3,4,2863,0.06398395448923111,1.441063404083252,47.712188959121704
9,4,464,0.06221318989992142,2.0715997219085693,21.98275923728943
7,4,3403,0.06287360936403275,1.7114543914794922,37.81957030296326
10,4,7233,0.0628797709941864,1.330986738204956,52.094566822052
6,4,1343,0.0623667910695076,1.6504275798797607,36.18763983249664
1,4,5864,0.06388233602046967,1.3276066780090332,52.30218172073364
5,4,6266,0.06289754062891006,1.4224003553390503,48.89881908893585
4,4,9129,0.06348567456007004,1.2183953523635864,55.099135637283325
2,4,13418,0.06336045265197754,1.154891848564148,58.75689387321472
8,5,17,0.06707064807415009,1.2139900922775269,58.82353186607361
3,5,2863,0.06398395448923111,1.306846261024475,53.65001559257507
9,5,464,0.06221318989992142,1.3217167854309082,54.95689511299133
7,5,3403,0.06287360936403275,1.2565325498580933,53.4528374671936
10,5,7233,0.0628797709941864,1.2536697387695312,55.550944805145264
6,5,1343,0.0623667910695076,1.400212287902832,50.03722906112671
1,5,5864,0.06388233602046967,1.1946042776107788,56.906551122665405
5,5,6266,0.06289754062891006,1.197202205657959,56.33578300476074
4,5,9129,0.06348567456007004,1.4023714065551758,51.50619149208069
2,5,13418,0.06336045265197754,1.1800622940063477,58.257561922073364
8,6,17,0.06707064807415009,0.7286036610603333,70.58823704719543
3,6,2863,0.06398395448923111,1.0836607217788696,61.54383420944214
9,6,464,0.06221318989992142,1.0069870948791504,64.43965435028076
7,6,3403,0.06287360936403275,1.0994939804077148,60.06464958190918
10,6,7233,0.0628797709941864,1.0940332412719727,60.113370418548584
6,6,1343,0.0623667910695076,1.1685287952423096,58.972448110580444
1,6,5864,0.06388233602046967,1.1586741209030151,59.293997287750244
5,6,6266,0.06289754062891006,1.2122935056686401,56.79859519004822
4,6,9129,0.06348567456007004,1.0139555931091309,64.21294808387756
2,6,13418,0.06336045265197754,1.006806492805481,63.593679666519165
8,7,17,0.06707064807415009,0.492838591337204,88.23529481887817
3,7,2863,0.06398395448923111,1.0866985321044922,61.54383420944214
9,7,464,0.06221318989992142,0.8754751086235046,68.75
7,7,3403,0.06287360936403275,1.113063931465149,60.3878915309906
10,7,7233,0.0628797709941864,1.0125732421875,63.44531774520874
6,7,1343,0.0623667910695076,1.182570219039917,58.972448110580444
1,7,5864,0.06388233602046967,1.0138667821884155,63.47203254699707
5,7,6266,0.06289754062891006,1.0695730447769165,61.346954107284546
4,7,9129,0.06348567456007004,0.9280952215194702,67.4005925655365
2,7,13418,0.06336045265197754,0.941962480545044,66.96228981018066
8,8,17,0.06707064807415009,0.40268903970718384,94.11764740943909
3,8,2863,0.06398395448923111,0.9597985148429871,65.6653881072998
9,8,464,0.06221318989992142,0.900564968585968,67.0258641242981
7,8,3403,0.06287360936403275,1.1828690767288208,57.537466287612915
10,8,7233,0.0628797709941864,0.9591915011405945,65.42236804962158
6,8,1343,0.0623667910695076,0.8235325813293457,71.70513868331909
1,8,5864,0.06388233602046967,0.8758379220962524,69.11664605140686
5,8,6266,0.06289754062891006,1.0907971858978271,61.714011430740356
4,8,9129,0.06348567456007004,0.926376461982727,67.05005764961243
2,8,13418,0.06336045265197754,0.9270828366279602,67.03681349754333
8,9,17,0.06707064807415009,0.4083040952682495,94.11764740943909
9,9,464,0.06221318989992142,0.7856922149658203,71.55172228813171
3,9,2863,0.06398395448923111,0.8812428712844849,67.8309440612793
7,9,3403,0.06287360936403275,0.8638221025466919,69.58565711975098
10,9,7233,0.0628797709941864,0.8499031066894531,69.15525794029236
6,9,1343,0.0623667910695076,0.793720006942749,72.67311811447144
1,9,5864,0.06388233602046967,0.8749215006828308,69.18485760688782
5,9,6266,0.06289754062891006,1.065772294998169,62.2247040271759
4,9,9129,0.06348567456007004,0.8149524331092834,71.77127599716187
2,9,13418,0.06336045265197754,0.8482121229171753,70.22656202316284
8,10,17,0.06707064807415009,0.2827553451061249,94.11764740943909
3,10,2863,0.06398395448923111,0.8643245697021484,68.80894303321838
9,10,464,0.06221318989992142,0.6965422630310059,76.50862336158752
6,10,1343,0.0623667910695076,0.745409369468689,74.98138546943665
7,10,3403,0.06287360936403275,0.7876624464988708,72.02468514442444
10,10,7233,0.0628797709941864,0.8448017239570618,70.09539604187012
5,10,6266,0.06289754062891006,0.9771544337272644,66.21448993682861
1,10,5864,0.06388233602046967,0.8370592594146729,69.52592134475708
4,10,9129,0.06348567456007004,0.8354137539863586,71.13593816757202
2,10,13418,0.06336045265197754,0.9126417636871338,67.19332337379456
8,11,17,0.06707064807415009,0.2551327347755432,94.11764740943909
9,11,464,0.06221318989992142,0.6538024544715881,76.93965435028076
3,11,2863,0.06398395448923111,0.842851459980011,70.17114758491516
6,11,1343,0.0623667910695076,0.727348804473877,74.6090829372406
10,11,7233,0.0628797709941864,0.7584826946258545,73.55177402496338
7,11,3403,0.06287360936403275,0.8148036599159241,72.02468514442444
1,11,5864,0.06388233602046967,0.8402458429336548,69.86698508262634
5,11,6266,0.06289754062891006,0.7566853165626526,72.50239253044128
4,11,9129,0.06348567456007004,0.7854588627815247,72.20944166183472
2,11,13418,0.06336045265197754,0.8149034380912781,71.5158760547638
8,12,17,0.06707064807415009,0.2644388973712921,94.11764740943909
3,12,2863,0.06398395448923111,0.7635484933853149,73.3845591545105
7,12,3403,0.06287360936403275,0.7223989367485046,74.72817897796631
9,12,464,0.06221318989992142,0.5559359192848206,79.95689511299133
10,12,7233,0.0628797709941864,0.7955288290977478,71.3949978351593
6,12,1343,0.0623667910695076,0.6526375412940979,77.43856906890869
1,12,5864,0.06388233602046967,0.6928719282150269,75.8526623249054
5,12,6266,0.06289754062891006,0.7126440405845642,75.07181763648987
4,12,9129,0.06348567456007004,0.7874487042427063,72.17658162117004
2,12,13418,0.06336045265197754,0.8259079456329346,71.55313491821289
8,13,17,0.06707064807415009,0.26296761631965637,88.23529481887817
3,13,2863,0.06398395448923111,0.9203954935073853,68.63430142402649
7,13,3403,0.06287360936403275,0.6873981952667236,75.93299746513367
10,13,7233,0.0628797709941864,0.6531091332435608,76.93902850151062
9,13,464,0.06221318989992142,0.5435219407081604,80.38793206214905
6,13,1343,0.0623667910695076,0.630549430847168,78.18317413330078
5,13,6266,0.06289754062891006,0.7581846117973328,73.45994114875793
1,13,5864,0.06388233602046967,0.7966060638427734,71.55525088310242
4,13,9129,0.06348567456007004,0.6995787024497986,74.92606043815613
2,13,13418,0.06336045265197754,0.7495812773704529,73.08093309402466
8,14,17,0.06707064807415009,0.2099074125289917,94.11764740943909
3,14,2863,0.06398395448923111,0.6221740245819092,78.20467948913574
9,14,464,0.06221318989992142,0.5256724953651428,84.48275923728943
7,14,3403,0.06287360936403275,0.6090030670166016,79.75316047668457
10,14,7233,0.0628797709941864,0.8552828431129456,70.70372104644775
6,14,1343,0.0623667910695076,0.6756104826927185,76.99180841445923
5,14,6266,0.06289754062891006,0.6987608671188354,76.09320282936096
1,14,5864,0.06388233602046967,0.6982740163803101,76.02319121360779
4,14,9129,0.06348567456007004,0.6685305237770081,76.17482542991638
2,14,13418,0.06336045265197754,0.6460766792297363,77.21717357635498
8,15,17,0.06707064807415009,0.24041706323623657,94.11764740943909
9,15,464,0.06221318989992142,0.49788698554039,84.26724076271057
3,15,2863,0.06398395448923111,0.7811203598976135,72.58120775222778
10,15,7233,0.0628797709941864,0.6440442800521851,76.88372731208801
7,15,3403,0.06287360936403275,0.6277147531509399,77.46106386184692
6,15,1343,0.0623667910695076,0.5871906280517578,79.22561168670654
4,15,9129,0.06348567456007004,0.6386225819587708,77.3140549659729
5,15,6266,0.06289754062891006,0.6726764440536499,77.29013562202454
2,15,13418,0.06336045265197754,0.7432658672332764,73.28215837478638
1,15,5864,0.06388233602046967,0.6198160648345947,78.51296067237854
8,16,17,0.06707064807415009,0.17081116139888763,100.0
3,16,2863,0.06398395448923111,0.554724395275116,81.48794770240784
9,16,464,0.06221318989992142,0.5369634032249451,82.11206793785095
7,16,3403,0.06287360936403275,0.5978289246559143,80.34087419509888
10,16,7233,0.0628797709941864,0.6194485425949097,78.15567255020142
6,16,1343,0.0623667910695076,0.5769382119178772,81.2360405921936
1,16,5864,0.06388233602046967,0.6264347434043884,78.80286574363708
5,16,6266,0.06289754062891006,0.7209525108337402,75.03989934921265
4,16,9129,0.06348567456007004,0.6991804838180542,75.37517547607422
2,16,13418,0.06336045265197754,0.6322834491729736,77.55999565124512
8,17,17,0.06707064807415009,0.13962042331695557,100.0
9,17,464,0.06221318989992142,0.43432605266571045,84.26724076271057
3,17,2863,0.06398395448923111,0.7176775932312012,75.06112456321716
7,17,3403,0.06287360936403275,0.6822217702865601,75.8154571056366
10,17,7233,0.0628797709941864,0.5601019263267517,80.46453595161438
6,17,1343,0.0623667910695076,0.5083392858505249,82.79970288276672
1,17,5864,0.06388233602046967,0.5360293984413147,82.14529156684875
4,17,9129,0.06348567456007004,0.5803560018539429,79.000985622406
5,17,6266,0.06289754062891006,0.6269496083259583,78.37535738945007
2,17,13418,0.06336045265197754,0.6294211745262146,77.65687704086304
8,18,17,0.06707064807415009,0.1393386572599411,100.0
9,18,464,0.06221318989992142,0.46459826827049255,85.34482717514038
7,18,3403,0.06287360936403275,0.7034217119216919,75.37466883659363
3,18,2863,0.06398395448923111,0.5562925934791565,80.64966797828674
10,18,7233,0.0628797709941864,0.6081501245498657,77.31232047080994
6,18,1343,0.0623667910695076,0.5091335773468018,82.57632255554199
1,18,5864,0.06388233602046967,0.6326294541358948,77.59208679199219
5,18,6266,0.06289754062891006,0.5635079741477966,80.51388263702393
4,18,9129,0.06348567456007004,0.6482962965965271,76.50344967842102
2,18,13418,0.06336045265197754,0.59336256980896,79.4231653213501
8,19,17,0.06707064807415009,0.13638566434383392,100.0
3,19,2863,0.06398395448923111,0.6714375615119934,76.98218822479248
7,19,3403,0.06287360936403275,0.5282275080680847,82.04525709152222
9,19,464,0.06221318989992142,0.45326119661331177,83.18965435028076
10,19,7233,0.0628797709941864,0.5175506472587585,82.4001133441925
6,19,1343,0.0623667910695076,0.42713475227355957,86.74609065055847
1,19,5864,0.06388233602046967,0.6235967874526978,78.35947871208191
4,19,9129,0.06348567456007004,0.5766520500183105,79.80063557624817
5,19,6266,0.06289754062891006,0.6125947833061218,78.99776697158813
2,19,13418,0.06336045265197754,0.5806744694709778,79.69145774841309
8,20,17,0.06707064807415009,0.18572638928890228,94.11764740943909
3,20,2863,0.06398395448923111,0.5435540080070496,81.17359280586243
9,20,464,0.06221318989992142,0.48497164249420166,83.40517282485962
7,20,3403,0.06287360936403275,0.6358078122138977,79.01851534843445
10,20,7233,0.0628797709941864,0.48705536127090454,83.04991126060486
6,20,1343,0.0623667910695076,0.4415381848812103,85.85256934165955
5,20,6266,0.06289754062891006,0.5559383630752563,80.65751791000366
1,20,5864,0.06388233602046967,0.47136378288269043,84.10640954971313
4,20,9129,0.06348567456007004,0.5426920652389526,81.25752806663513
2,20,13418,0.06336045265197754,0.6276735067367554,77.85064578056335
8,21,17,0.06707064807415009,0.11792589724063873,100.0
9,21,464,0.06221318989992142,0.3323814272880554,90.73275923728943
3,21,2863,0.06398395448923111,0.5797784328460693,79.25253510475159
7,21,3403,0.06287360936403275,0.5158923864364624,82.13341236114502
6,21,1343,0.0623667910695076,0.49407508969306946,82.27847814559937
10,21,7233,0.0628797709941864,0.489215612411499,83.4231972694397
5,21,6266,0.06289754062891006,0.49305960536003113,83.40249061584473
1,21,5864,0.06388233602046967,0.5721260905265808,81.10504746437073
4,21,9129,0.06348567456007004,0.6115212440490723,78.39850783348083
2,21,13418,0.06336045265197754,0.6130504012107849,78.37233543395996
8,22,17,0.06707064807415009,0.11712117493152618,100.0
3,22,2863,0.06398395448923111,0.42562970519065857,85.92385649681091
9,22,464,0.06221318989992142,0.3252923786640167,90.94827771186829
7,22,3403,0.06287360936403275,0.4529802203178406,84.80752110481262
10,22,7233,0.0628797709941864,0.462284117937088,84.04535055160522
6,22,1343,0.0623667910695076,0.47928786277770996,84.51228737831116
5,22,6266,0.06289754062891006,0.5086352229118347,83.1311821937561
1,22,5864,0.06388233602046967,0.5418466925621033,80.83219528198242
4,22,9129,0.06348567456007004,0.5320580005645752,81.61901831626892
2,22,13418,0.06336045265197754,0.557716429233551,80.39946556091309
8,23,17,0.06707064807415009,0.07376736402511597,100.0
9,23,464,0.06221318989992142,0.41646328568458557,85.99137663841248
3,23,2863,0.06398395448923111,0.4715234935283661,83.75829458236694
7,23,3403,0.06287360936403275,0.4411172568798065,85.54216623306274
6,23,1343,0.0623667910695076,0.5461183786392212,81.08711838722229
1,23,5864,0.06388233602046967,0.5527171492576599,81.29263520240784
4,23,9129,0.06348567456007004,0.48197922110557556,83.57980251312256
10,23,7233,0.0628797709941864,0.4867771863937378,82.91165232658386
5,23,6266,0.06289754062891006,0.5837075710296631,79.47654128074646
2,23,13418,0.06336045265197754,0.6101008057594299,78.46176624298096
8,24,17,0.06707064807415009,0.06146857142448425,100.0
3,24,2863,0.06398395448923111,0.43887782096862793,84.9458634853363
7,24,3403,0.06287360936403275,0.5139258503913879,81.22245073318481
10,24,7233,0.0628797709941864,0.6171807050704956,78.25245261192322
6,24,1343,0.0623667910695076,0.4066554307937622,87.6396119594574
5,24,6266,0.06289754062891006,0.5094254016876221,82.25343227386475
1,24,5864,0.06388233602046967,0.4393906891345978,85.0784420967102
4,24,9129,0.06348567456007004,0.5769316554069519,79.45010662078857
9,24,464,0.06221318989992142,0.30447137355804443,91.16379022598267
2,24,13418,0.06336045265197754,0.5152721405029297,81.72603845596313
8,25,17,0.06707064807415009,0.07603722810745239,100.0
3,25,2863,0.06398395448923111,0.5414506793022156,81.34823441505432
7,25,3403,0.06287360936403275,0.38698121905326843,87.39347457885742
9,25,464,0.06221318989992142,0.3316143751144409,91.16379022598267
10,25,7233,0.0628797709941864,0.48985087871551514,83.43702554702759
6,25,1343,0.0623667910695076,0.34770283102989197,88.90543580055237
5,25,6266,0.06289754062891006,0.4177994132041931,85.8601987361908
1,25,5864,0.06388233602046967,0.45159977674484253,84.89086031913757
4,25,9129,0.06348567456007004,0.45453083515167236,84.48899388313293
2,25,13418,0.06336045265197754,0.5235974788665771,80.98822236061096
8,26,17,0.06707064807415009,0.05270175635814667,100.0
9,26,464,0.06221318989992142,0.32944783568382263,90.08620977401733
3,26,2863,0.06398395448923111,0.3962196707725525,87.25113272666931
7,26,3403,0.06287360936403275,0.37828776240348816,87.95180916786194
10,26,7233,0.0628797709941864,0.4660734236240387,83.76883864402771
6,26,1343,0.0623667910695076,0.35759881138801575,88.38421702384949
5,26,6266,0.06289754062891006,0.45370692014694214,84.47175025939941
4,26,9129,0.06348567456007004,0.4452866315841675,84.57662463188171
1,26,5864,0.06388233602046967,0.42043545842170715,86.56207323074341
2,26,13418,0.06336045265197754,0.5711156129837036,79.3262779712677
8,27,17,0.06707064807415009,0.04688646271824837,100.0
9,27,464,0.06221318989992142,0.29575052857398987,89.43965435028076
7,27,3403,0.06287360936403275,0.346259742975235,88.09873461723328
3,27,2863,0.06398395448923111,0.42564401030540466,85.71428656578064
10,27,7233,0.0628797709941864,0.4239963889122009,85.22051572799683
6,27,1343,0.0623667910695076,0.3402588367462158,89.1288161277771
5,27,6266,0.06289754062891006,0.41898781061172485,85.82828044891357
1,27,5864,0.06388233602046967,0.3741813004016876,87.51705288887024
4,27,9129,0.06348567456007004,0.5064327716827393,82.24340081214905
2,27,13418,0.06336045265197754,0.4617897868156433,83.81279110908508
8,28,17,0.06707064807415009,0.04558056965470314,100.0
9,28,464,0.06221318989992142,0.3482961356639862,88.79310488700867
3,28,2863,0.06398395448923111,0.38763323426246643,86.4477813243866
7,28,3403,0.06287360936403275,0.35260629653930664,88.15751075744629
6,28,1343,0.0623667910695076,0.3232160210609436,89.20327425003052
4,28,9129,0.06348567456007004,0.47749075293540955,83.31690430641174
1,28,5864,0.06388233602046967,0.4084169268608093,85.5729877948761
10,28,7233,0.0628797709941864,0.4048687219619751,86.05004549026489
5,28,6266,0.06289754062891006,0.5086801052093506,82.39706158638
2,28,13418,0.06336045265197754,0.42190811038017273,85.34058928489685
8,29,17,0.06707064807415009,0.03687998279929161,100.0
3,29,2863,0.06398395448923111,0.36230844259262085,88.0544900894165
7,29,3403,0.06287360936403275,0.3857741355895996,87.59917616844177
5,29,6266,0.06289754062891006,0.4037460684776306,86.21129989624023
10,29,7233,0.0628797709941864,0.3681351840496063,87.33581900596619
6,29,1343,0.0623667910695076,0.42193403840065,85.77811121940613
1,29,5864,0.06388233602046967,0.3748437166213989,87.56821155548096
4,29,9129,0.06348567456007004,0.4959730803966522,82.65965580940247
9,29,464,0.06221318989992142,0.3157126307487488,90.30172228813171
2,29,13418,0.06336045265197754,0.49569982290267944,82.22537040710449
8,30,17,0.06707064807415009,0.0481710210442543,100.0
9,30,464,0.06221318989992142,0.3544621169567108,89.00862336158752
3,30,2863,0.06398395448923111,0.33543771505355835,89.59133625030518
7,30,3403,0.06287360936403275,0.3767346441745758,87.04084753990173
10,30,7233,0.0628797709941864,0.5584395527839661,81.28024339675903
6,30,1343,0.0623667910695076,0.36946171522140503,87.86299228668213
5,30,6266,0.06289754062891006,0.445608913898468,84.8388135433197
4,30,9129,0.06348567456007004,0.43853047490119934,85.16814708709717
1,30,5864,0.06388233602046967,0.3744891583919525,86.85197830200195
2,30,13418,0.06336045265197754,0.44370388984680176,83.88731479644775
8,31,17,0.06707064807415009,0.0414070226252079,100.0
9,31,464,0.06221318989992142,0.26108425855636597,91.59482717514038
3,31,2863,0.06398395448923111,0.618334174156189,80.37024140357971
7,31,3403,0.06287360936403275,0.3805820643901825,87.36408948898315
6,31,1343,0.0623667910695076,0.25704076886177063,92.62844324111938
10,31,7233,0.0628797709941864,0.4146687090396881,85.51085591316223
5,31,6266,0.06289754062891006,0.5419203042984009,81.34375810623169
1,31,5864,0.06388233602046967,0.3376223146915436,88.48908543586731
4,31,9129,0.06348567456007004,0.4443969428539276,85.05860567092896
2,31,13418,0.06336045265197754,0.43701866269111633,84.57295894622803
8,32,17,0.06707064807415009,0.03456200659275055,100.0
3,32,2863,0.06398395448923111,0.3852730393409729,86.97170615196228
7,32,3403,0.06287360936403275,0.3097401559352875,89.7443413734436
9,32,464,0.06221318989992142,0.2618717551231384,91.59482717514038
6,32,1343,0.0623667910695076,0.4381924271583557,85.03350615501404
10,32,7233,0.0628797709941864,0.41561761498451233,85.66293120384216
5,32,6266,0.06289754062891006,0.3898341655731201,87.15288639068604
1,32,5864,0.06388233602046967,0.31997472047805786,89.17121291160583
4,32,9129,0.06348567456007004,0.36540427803993225,87.86285519599915
2,32,13418,0.06336045265197754,0.4811972677707672,83.14204812049866
8,33,17,0.06707064807415009,0.03860332444310188,100.0
3,33,2863,0.06398395448923111,0.32849499583244324,89.34683799743652
9,33,464,0.06221318989992142,0.2242407351732254,93.31896305084229
10,33,7233,0.0628797709941864,0.33349311351776123,89.1193151473999
7,33,3403,0.06287360936403275,0.3182103633880615,89.39171433448792
6,33,1343,0.0623667910695076,0.2491271197795868,92.7029013633728
5,33,6266,0.06289754062891006,0.35273608565330505,87.99872398376465
1,33,5864,0.06388233602046967,0.33276283740997314,89.23942446708679
4,33,9129,0.06348567456007004,0.46043387055397034,83.90842080116272
2,33,13418,0.06336045265197754,0.4745323359966278,83.08242559432983
8,34,17,0.06707064807415009,0.027198275551199913,100.0
3,34,2863,0.06398395448923111,0.36013418436050415,88.50855827331543
9,34,464,0.06221318989992142,0.2220548540353775,92.45689511299133
7,34,3403,0.06287360936403275,0.3633877635002136,87.18777298927307
6,34,1343,0.0623667910695076,0.26477178931236267,91.66046380996704
1,34,5864,0.06388233602046967,0.3579559922218323,87.84106373786926
10,34,7233,0.0628797709941864,0.33882400393486023,88.28978538513184
5,34,6266,0.06289754062891006,0.38404765725135803,87.05713152885437
4,34,9129,0.06348567456007004,0.3441261053085327,88.53105306625366
2,34,13418,0.06336045265197754,0.38635900616645813,86.54792308807373
8,35,17,0.06707064807415009,0.024959038943052292,100.0
5,35,6266,0.06289754062891006,0.36429208517074585,88.03064227104187
3,35,2863,0.06398395448923111,0.3735831379890442,87.14634776115417
1,35,5864,0.06388233602046967,0.345043808221817,88.43792676925659
4,35,9129,0.06348567456007004,0.379582017660141,86.88793778419495
7,35,3403,0.06287360936403275,0.2684866487979889,91.7425811290741
10,35,7233,0.0628797709941864,0.3167451322078705,89.54790830612183
6,35,1343,0.0623667910695076,0.2616848945617676,92.03276038169861
9,35,464,0.06221318989992142,0.2079395353794098,94.82758641242981
2,35,13418,0.06336045265197754,0.4404962956905365,84.51334238052368
8,36,17,0.06707064807415009,0.018179524689912796,100.0
3,36,2863,0.06398395448923111,0.3291916251182556,88.36884498596191
9,36,464,0.06221318989992142,0.2570979595184326,91.16379022598267
7,36,3403,0.06287360936403275,0.325523316860199,89.42109942436218
10,36,7233,0.0628797709941864,0.33992812037467957,88.22065591812134
6,36,1343,0.0623667910695076,0.24907134473323822,92.62844324111938
5,36,6266,0.06289754062891006,0.3237206041812897,89.13182020187378
1,36,5864,0.06388233602046967,0.2960491478443146,90.26262164115906
4,36,9129,0.06348567456007004,0.33061644434928894,88.3996069431305
2,36,13418,0.06336045265197754,0.4305477738380432,85.16172170639038
8,37,17,0.06707064807415009,0.020311594009399414,100.0
3,37,2863,0.06398395448923111,0.38224244117736816,87.18127608299255
7,37,3403,0.06287360936403275,0.29130756855010986,89.97942805290222
9,37,464,0.06221318989992142,0.19032710790634155,94.18103694915771
10,37,7233,0.0628797709941864,0.347892165184021,87.97179460525513
6,37,1343,0.0623667910695076,0.2441253364086151,92.25614070892334
5,37,6266,0.06289754062891006,0.39004144072532654,86.97733879089355
1,37,5864,0.06388233602046967,0.29686427116394043,90.39904475212097
4,37,9129,0.06348567456007004,0.3286828100681305,89.13353085517883
2,37,13418,0.06336045265197754,0.34124690294265747,88.40363621711731
8,38,17,0.06707064807415009,0.04222901538014412,100.0
3,38,2863,0.06398395448923111,0.273896723985672,90.70904850959778
7,38,3403,0.06287360936403275,0.3249446153640747,88.51013779640198
9,38,464,0.06221318989992142,0.28942009806632996,90.73275923728943
10,38,7233,0.0628797709941864,0.3450653553009033,88.34508657455444
6,38,1343,0.0623667910695076,0.23223133385181427,93.00074577331543
5,38,6266,0.06289754062891006,0.36380624771118164,87.61570453643799
1,38,5864,0.06388233602046967,0.3253038227558136,88.64256739616394
4,38,9129,0.06348567456007004,0.31291472911834717,89.49501514434814
2,38,13418,0.06336045265197754,0.3789142966270447,86.50320172309875
8,39,17,0.06707064807415009,0.01626870594918728,100.0
3,39,2863,0.06398395448923111,0.26769328117370605,91.65211319923401
9,39,464,0.06221318989992142,0.17589430510997772,95.25862336158752
7,39,3403,0.06287360936403275,0.26869136095046997,91.27240777015686
10,39,7233,0.0628797709941864,0.28991350531578064,90.75072407722473
6,39,1343,0.0623667910695076,0.31275469064712524,89.57557678222656
5,39,6266,0.06289754062891006,0.35903528332710266,87.45611310005188
1,39,5864,0.06388233602046967,0.2696012258529663,90.68894982337952
4,39,9129,0.06348567456007004,0.4283801019191742,85.32150387763977
2,39,13418,0.06336045265197754,0.4435630440711975,84.25995111465454
8,40,17,0.06707064807415009,0.01280108094215393,100.0
9,40,464,0.06221318989992142,0.1739095151424408,94.82758641242981
3,40,2863,0.06398395448923111,0.2905624508857727,90.70904850959778
7,40,3403,0.06287360936403275,0.24962152540683746,91.94828271865845
6,40,1343,0.0623667910695076,0.23840487003326416,92.85182356834412
10,40,7233,0.0628797709941864,0.29621848464012146,89.90736603736877
1,40,5864,0.06388233602046967,0.2978963553905487,89.8703932762146
5,40,6266,0.06289754062891006,0.3069760501384735,89.80210423469543
4,40,9129,0.06348567456007004,0.334367036819458,88.3557915687561
2,40,13418,0.06336045265197754,0.36516430974006653,87.47205138206482
8,41,17,0.06707064807415009,0.022120626643300056,100.0
9,41,464,0.06221318989992142,0.272218257188797,92.0258641242981
1,41,5864,0.06388233602046967,0.33315467834472656,89.01773691177368
7,41,3403,0.06287360936403275,0.2778206467628479,91.21363759040833
10,41,7233,0.0628797709941864,0.2886252999305725,90.3083086013794
3,41,2863,0.06398395448923111,0.24776402115821838,92.4903929233551
6,41,1343,0.0623667910695076,0.24310363829135895,92.55398511886597
5,41,6266,0.06289754062891006,0.31877854466438293,89.06798362731934
4,41,9129,0.06348567456007004,0.32856485247612,89.03494477272034
2,41,13418,0.06336045265197754,0.3460124433040619,88.24713230133057
8,42,17,0.06707064807415009,0.01693263091146946,100.0
3,42,2863,0.06398395448923111,0.2947397828102112,90.32483696937561
7,42,3403,0.06287360936403275,0.23256254196166992,92.38907098770142
10,42,7233,0.0628797709941864,0.32612141966819763,88.58011960983276
6,42,1343,0.0623667910695076,0.20553743839263916,93.96872520446777
1,42,5864,0.06388233602046967,0.28381428122520447,90.68894982337952
5,42,6266,0.06289754062891006,0.28965508937835693,90.21704196929932
4,42,9129,0.06348567456007004,0.2939493656158447,90.00985622406006
9,42,464,0.06221318989992142,0.16194429993629456,95.4741358757019
2,42,13418,0.06336045265197754,0.41412553191185,85.73557734489441
8,43,17,0.06707064807415009,0.017635870724916458,100.0
9,43,464,0.06221318989992142,0.17372295260429382,95.68965435028076
7,43,3403,0.06287360936403275,0.2442629039287567,91.86012148857117
3,43,2863,0.06398395448923111,0.2621641457080841,91.44254326820374
10,43,7233,0.0628797709941864,0.35657402873039246,87.18374371528625
6,43,1343,0.0623667910695076,0.18489474058151245,94.34102773666382
5,43,6266,0.06289754062891006,0.38012614846229553,86.67411208152771
4,43,9129,0.06348567456007004,0.33470290899276733,88.31197023391724
2,43,13418,0.06336045265197754,0.3974957764148712,85.88463068008423
1,43,5864,0.06388233602046967,0.23348866403102875,92.59890913963318
8,44,17,0.06707064807415009,0.009283303283154964,100.0
9,44,464,0.06221318989992142,0.16617964208126068,95.4741358757019
3,44,2863,0.06398395448923111,0.27638375759124756,90.35976529121399
7,44,3403,0.06287360936403275,0.2793743312358856,90.24389982223511
10,44,7233,0.0628797709941864,0.38480690121650696,86.02239489555359
6,44,1343,0.0623667910695076,0.18543705344200134,93.74534487724304
5,44,6266,0.06289754062891006,0.272795170545578,91.30226373672485
1,44,5864,0.06388233602046967,0.2690836787223816,91.01296067237854
4,44,9129,0.06348567456007004,0.30362844467163086,89.59360122680664
2,44,13418,0.06336045265197754,0.516649603843689,81.64405822753906
8,45,17,0.06707064807415009,0.012961852364242077,100.0
9,45,464,0.06221318989992142,0.15905055403709412,95.90517282485962
3,45,2863,0.06398395448923111,0.26313406229019165,90.98847508430481
7,45,3403,0.06287360936403275,0.2327025681734085,92.35967993736267
10,45,7233,0.0628797709941864,0.2729318141937256,90.37743806838989
6,45,1343,0.0623667910695076,0.23059768974781036,93.81980895996094
5,45,6266,0.06289754062891006,0.25605908036231995,91.54165387153625
1,45,5864,0.06388233602046967,0.2611956000328064,91.42223596572876
4,45,9129,0.06348567456007004,0.26055020093917847,91.39007329940796
2,45,13418,0.06336045265197754,0.3033904433250427,89.849454164505
8,46,17,0.06707064807415009,0.01276791375130415,100.0
9,46,464,0.06221318989992142,0.13770344853401184,96.33620977401733
3,46,2863,0.06398395448923111,0.2849521040916443,90.81383347511292
7,46,3403,0.06287360936403275,0.2122984230518341,93.9171314239502
10,46,7233,0.0628797709941864,0.24972373247146606,91.52495265007019
6,46,1343,0.0623667910695076,0.17376179993152618,94.41548585891724
5,46,6266,0.06289754062891006,0.2963491976261139,89.54675793647766
1,46,5864,0.06388233602046967,0.33957505226135254,88.13096880912781
4,46,9129,0.06348567456007004,0.30360546708106995,89.57169651985168
2,46,13418,0.06336045265197754,0.3342575132846832,88.5005235671997
8,47,17,0.06707064807415009,0.009907126426696777,100.0
9,47,464,0.06221318989992142,0.13446004688739777,96.98275923728943
3,47,2863,0.06398395448923111,0.24489344656467438,92.45546460151672
7,47,3403,0.06287360936403275,0.2061673104763031,93.38818788528442
10,47,7233,0.0628797709941864,0.24310167133808136,92.00884699821472
6,47,1343,0.0623667910695076,0.19220422208309174,94.8622465133667
5,47,6266,0.06289754062891006,0.24388596415519714,91.58952832221985
1,47,5864,0.06388233602046967,0.23205482959747314,92.82060265541077
4,47,9129,0.06348567456007004,0.3034716844558716,89.41833972930908
2,47,13418,0.06336045265197754,0.30480870604515076,89.62587714195251
8,48,17,0.06707064807415009,0.01628841459751129,100.0
3,48,2863,0.06398395448923111,0.19939640164375305,93.9573884010315
9,48,464,0.06221318989992142,0.1545802801847458,96.76724076271057
7,48,3403,0.06287360936403275,0.20648755133152008,93.79959106445312
10,48,7233,0.0628797709941864,0.30807772278785706,89.58938121795654
6,48,1343,0.0623667910695076,0.1873176395893097,94.56440806388855
5,48,6266,0.06289754062891006,0.23922847211360931,91.95659160614014
4,48,9129,0.06348567456007004,0.22384633123874664,92.56216287612915
1,48,5864,0.06388233602046967,0.4339895248413086,85.09549498558044
2,48,13418,0.06336045265197754,0.40159812569618225,85.8771800994873
8,49,17,0.06707064807415009,0.010575634427368641,100.0
6,49,1343,0.0623667910695076,0.18669360876083374,93.96872520446777
1,49,5864,0.06388233602046967,0.22082293033599854,92.58185625076294
9,49,464,0.06221318989992142,0.15280207991600037,95.90517282485962
10,49,7233,0.0628797709941864,0.43630266189575195,84.59836840629578
3,49,2863,0.06398395448923111,0.20657989382743835,93.88753175735474
7,49,3403,0.06287360936403275,0.21473471820354462,92.77108311653137
5,49,6266,0.06289754062891006,0.30192360281944275,89.75422978401184
4,49,9129,0.06348567456007004,0.46728071570396423,83.42644572257996
2,49,13418,0.06336045265197754,0.32772746682167053,88.50797414779663
8,50,17,0.06707064807415009,0.007814722135663033,100.0
3,50,2863,0.06398395448923111,0.1956605762243271,93.92246007919312
7,50,3403,0.06287360936403275,0.19795472919940948,94.12283301353455
10,50,7233,0.0628797709941864,0.3133068084716797,89.24374580383301
6,50,1343,0.0623667910695076,0.20373651385307312,94.11764740943909
5,50,6266,0.06289754062891006,0.2788190245628357,90.29684066772461
1,50,5864,0.06388233602046967,0.33111223578453064,88.52319121360779
4,50,9129,0.06348567456007004,0.24163289368152618,91.82823896408081
9,50,464,0.06221318989992142,0.14245717227458954,96.55172228813171
2,50,13418,0.06336045265197754,0.2745097577571869,90.557461977005
