cpu_time,ram_used_mb,net_sent_bytes,net_recv_bytes,gpu_mem_used_mb,gpu_load,client_rank,round,timestamp
138.89999999850988,2879.65184,48242,61789,38937.0,0.0,1,1,2025-08-07 01:16:16
100.91000000014901,3184.08704,5424,50834,38937.0,0.0,2,1,2025-08-07 01:16:18
144.98000000044703,3015.778304,29616,50648,38937.0,0.01,3,1,2025-08-07 01:16:57
38.57000000029802,2874.929152,2088,45792,38937.0,0.0,4,1,2025-08-07 01:16:17
122.0300000011921,2949.595136,4220,45626,38937.0,0.0,5,1,2025-08-07 01:16:54
116.54000000096858,2912.8704,1874,44880,38937.0,0.0,6,1,2025-08-07 01:16:54
23.830000000074506,2855.452672,1380,29589,38937.0,0.14,7,1,2025-08-07 01:16:52
42.19999999925494,2897.412096,4667,46948,38937.0,0.0,8,1,2025-08-07 01:16:54
48.42000000178814,2978.439168,52900,62646,38937.0,0.0,9,1,2025-08-07 01:16:54
46.500000001862645,2842.198016,61529,55848,38937.0,0.0,10,1,2025-08-07 01:16:54
105.14000000059605,3125.293056,40992,47892,38939.0,0.0,1,2,2025-08-07 01:17:10
72.68999999761581,3467.24352,3270,43090,38939.0,0.0,2,2,2025-08-07 01:17:12
147.66999999806285,3283.812352,335,37385,38939.0,0.0,3,2,2025-08-07 01:17:11
23.300000000745058,3140.132864,32337,38531,38939.0,0.0,4,2,2025-08-07 01:17:10
84.78999999910593,3219.550208,447,37477,38939.0,0.01,5,2,2025-08-07 01:17:10
85.33000000193715,3222.478848,37672,36632,38939.0,0.0,6,2,2025-08-07 01:17:10
21.67000000178814,3055.775744,363,24899,38939.0,0.24,7,2,2025-08-07 01:17:08
31.510000001639128,3162.144768,35260,38325,38939.0,0.0,8,2,2025-08-07 01:17:11
51.12999999523163,3265.585152,969,33885,38939.0,0.0,9,2,2025-08-07 01:17:11
39.67999999970198,3052.3392,45265,57828,38939.0,0.0,10,2,2025-08-07 01:17:10
119.63000000268221,3282.90304,32939,38071,38941.0,0.0,1,3,2025-08-07 01:17:24
85.59000000357628,3650.146304,40519,64298,38941.0,0.0,2,3,2025-08-07 01:17:26
202.85000000149012,3446.255616,2142,38846,38941.0,0.0,3,3,2025-08-07 01:17:26
30.050000000745058,3309.420544,55673,59983,38941.0,0.0,4,3,2025-08-07 01:17:25
98.47999999858439,3390.07488,925,36903,38941.0,0.0,5,3,2025-08-07 01:17:25
97.07999999821186,3391.778816,774,36925,38941.0,0.0,6,3,2025-08-07 01:17:25
24.679999999701977,3175.87456,1161,22086,38939.0,0.35,7,3,2025-08-07 01:17:22
38.03999999910593,3312.406528,43716,47907,38941.0,0.0,8,3,2025-08-07 01:17:25
49.57999999821186,3400.933376,29727,41682,38941.0,0.0,9,3,2025-08-07 01:17:25
46.42999999970198,3236.155392,70657,68377,38941.0,0.0,10,3,2025-08-07 01:17:24
108.08999999985099,3497.537536,40594,41357,38941.0,0.0,1,4,2025-08-07 01:17:38
75.88999999687076,3854.434304,64935,66796,38941.0,0.0,2,4,2025-08-07 01:17:39
176.08000000193715,3663.81056,33089,33990,38941.0,0.0,3,4,2025-08-07 01:17:39
25.330000000074506,3547.602944,32169,29898,38941.0,0.0,4,4,2025-08-07 01:17:38
85.27999999932945,3609.739264,31253,57106,38941.0,0.0,5,4,2025-08-07 01:17:38
106.65999999828637,3603.820544,43804,52423,38941.0,0.0,6,4,2025-08-07 01:17:38
22.18999999947846,3349.753856,2039,21053,38939.0,0.29,7,4,2025-08-07 01:17:35
33.25999999791384,3529.064448,36600,35832,38941.0,0.0,8,4,2025-08-07 01:17:38
50.57000000029802,3676.573696,962,33048,38941.0,0.0,9,4,2025-08-07 01:17:38
34.48999999836087,3427.426304,48756,55837,38941.0,0.0,10,4,2025-08-07 01:17:38
108.33999999985099,3616.07168,32882,34852,38943.0,0.0,1,5,2025-08-07 01:17:51
78.42999999970198,4046.848,15829,43476,38943.0,0.0,2,5,2025-08-07 01:17:53
181.29999999701977,3809.939456,55560,61582,38943.0,0.01,3,5,2025-08-07 01:17:52
27.179999999701977,3671.302144,50699,56517,38943.0,0.0,4,5,2025-08-07 01:17:51
88.1900000013411,3776.126976,5311,30883,38943.0,0.0,5,5,2025-08-07 01:17:51
80.25,3768.123392,34207,39945,38943.0,0.0,6,5,2025-08-07 01:17:51
24.040000000968575,3463.499776,29988,53137,38939.0,0.0,7,5,2025-08-07 01:17:49
33.58000000193715,3650.113536,3111,29318,38943.0,0.0,8,5,2025-08-07 01:17:51
54.26000000536442,3840.856064,65214,59253,38943.0,0.0,9,5,2025-08-07 01:17:52
36.5,3572.064256,20655,44501,38943.0,0.0,10,5,2025-08-07 01:17:51
101.3099999986589,3866.25536,1269,37162,38945.0,0.0,1,6,2025-08-07 01:18:04
76.32000000029802,4256.784384,59056,43312,38945.0,0.0,2,6,2025-08-07 01:18:06
146.80000000074506,4021.907456,32584,37430,38945.0,0.0,3,6,2025-08-07 01:18:05
26.529999999329448,3893.731328,32005,61511,38945.0,0.0,4,6,2025-08-07 01:18:04
85.08999999985099,4005.072896,32314,33608,38945.0,0.0,5,6,2025-08-07 01:18:04
68.89000000059605,3977.6256,40414,55051,38945.0,0.0,6,6,2025-08-07 01:18:04
22.070000000298023,3640.332288,2255,20094,38941.0,0.12,7,6,2025-08-07 01:18:02
31.12999999895692,3888.06656,11893,33759,38945.0,0.0,8,6,2025-08-07 01:18:04
47.3399999961257,4077.289472,31501,64420,38943.0,0.0,9,6,2025-08-07 01:18:05
34.97000000067055,3775.397888,9058,42594,38945.0,0.0,10,6,2025-08-07 01:18:04
107.39000000059605,4013.723648,41125,57483,38945.0,0.0,1,7,2025-08-07 01:18:32
79.23999999836087,4416.360448,101779,83492,38945.0,0.0,2,7,2025-08-07 01:18:33
183.14000000059605,4179.841024,72513,49615,38945.0,0.0,3,7,2025-08-07 01:18:33
23.800000000745058,4077.412352,547,32405,38945.0,0.0,4,7,2025-08-07 01:18:32
89.5800000000745,4152.0128,33813,35258,38945.0,0.0,5,7,2025-08-07 01:18:32
108.08999999985099,4142.583808,71665,74552,38945.0,0.0,6,7,2025-08-07 01:18:32
23.679999999701977,3738.37824,39074,39541,38941.0,0.22,7,7,2025-08-07 01:18:29
26.109999995678663,4058.886144,2492,32434,38945.0,0.0,8,7,2025-08-07 01:18:32
56.75,4197.961728,35594,33178,38945.0,0.0,9,7,2025-08-07 01:18:32
37.58000000193715,3883.37664,26102,43245,38945.0,0.0,10,7,2025-08-07 01:18:32
104.30000000074506,4233.293824,43229,46344,38947.0,0.01,1,8,2025-08-07 01:18:47
76.53999999910593,4665.298944,776,36713,38947.0,0.0,2,8,2025-08-07 01:18:49
182.42000000178814,4399.828992,70302,80585,38947.0,0.0,3,8,2025-08-07 01:18:48
25.75,4267.556864,40308,40147,38947.0,0.0,4,8,2025-08-07 01:18:47
86.47000000067055,4367.085568,58550,54370,38947.0,0.0,5,8,2025-08-07 01:18:47
84.6399999987334,4350.369792,32562,28802,38947.0,0.0,6,8,2025-08-07 01:18:47
22.82999999821186,3919.691776,28552,47120,38941.0,0.27,7,8,2025-08-07 01:18:45
32.66999999806285,4272.541696,39104,46161,38947.0,0.0,8,8,2025-08-07 01:18:47
52.5,4460.384256,41223,51045,38947.0,0.0,9,8,2025-08-07 01:18:48
41.1100000012666,4098.916352,8258,37086,38947.0,0.0,10,8,2025-08-07 01:18:47
104.21999999508262,4371.648512,1486,29377,38947.0,0.0,1,9,2025-08-07 01:19:01
78.28999999910593,4798.73024,43276,54496,38947.0,0.0,2,9,2025-08-07 01:19:02
132.24000000208616,4520.894464,33876,37872,38947.0,0.0,3,9,2025-08-07 01:19:02
27.859999999403954,4405.276672,31415,66614,38949.0,0.0,4,9,2025-08-07 01:19:01
89.12999999895692,4483.735552,72601,43951,38947.0,0.0,5,9,2025-08-07 01:19:01
88.42000000178814,4494.856192,45635,56370,38947.0,0.0,6,9,2025-08-07 01:19:01
23.250000001862645,4079.742976,88391,47632,38943.0,0.29,7,9,2025-08-07 01:18:58
35.53000000119209,4397.133824,67665,76355,38947.0,0.0,8,9,2025-08-07 01:19:01
53.49999999254942,4640.5632,35781,33396,38947.0,0.0,9,9,2025-08-07 01:19:01
36.47000000067055,4245.56544,8211,39746,38947.0,0.0,10,9,2025-08-07 01:19:01
101.26999999955297,4589.34272,41519,47613,38949.0,0.0,1,10,2025-08-07 01:19:14
75.53999999910593,5006.97088,2590,36346,38949.0,0.0,2,10,2025-08-07 01:19:15
167.92000000178814,4760.133632,20377,54405,38949.0,0.0,3,10,2025-08-07 01:19:15
25.740000000223517,4630.564864,751,27968,38949.0,0.0,4,10,2025-08-07 01:19:14
85.22999999858439,4725.030912,41382,46831,38949.0,0.01,5,10,2025-08-07 01:19:14
99.31000000052154,4709.08928,41966,34896,38949.0,0.0,6,10,2025-08-07 01:19:14
23.880000000819564,4132.806656,1552,24500,38943.0,0.04,7,10,2025-08-07 01:19:12
32.23999999836087,4653.30176,41498,46656,38949.0,0.0,8,10,2025-08-07 01:19:14
48.40999999642372,4842.528768,38326,44683,38949.0,0.0,9,10,2025-08-07 01:19:14
35.32000000029802,4469.28896,45534,52277,38949.0,0.0,10,10,2025-08-07 01:19:14
111.69999999552965,4807.4752,60624,59549,38949.0,0.0,1,11,2025-08-07 01:19:27
76.11999999731779,5239.758848,40505,55117,38951.0,0.0,2,11,2025-08-07 01:19:28
98.84999999403954,4987.326464,1183,31234,38949.0,0.0,3,11,2025-08-07 01:19:28
25.240000002086163,4868.960256,41216,39108,38951.0,0.0,4,11,2025-08-07 01:19:27
85.10999999940395,4969.63584,460,27238,38951.0,0.0,5,11,2025-08-07 01:19:27
86.9400000013411,4940.279808,14024,32771,38951.0,0.0,6,11,2025-08-07 01:19:27
22.37000000104308,4302.114816,32790,20726,38943.0,0.0,7,11,2025-08-07 01:19:24
25.63000000268221,4837.613568,15039,37419,38951.0,0.0,8,11,2025-08-07 01:19:27
54.82000000029802,5029.982208,37970,34427,38949.0,0.0,9,11,2025-08-07 01:19:28
32.06000000052154,4686.15168,41036,33883,38951.0,0.01,10,11,2025-08-07 01:19:27
108.67999999597669,4899.913728,14317,37991,38951.0,0.0,1,12,2025-08-07 01:19:57
77.2199999988079,5335.87968,58493,60932,38951.0,0.0,2,12,2025-08-07 01:19:58
197.76000000163913,5083.5456,2721,36530,38951.0,0.0,3,12,2025-08-07 01:19:58
26.970000000670552,4945.559552,39294,50817,38951.0,0.0,4,12,2025-08-07 01:19:57
90.7800000011921,5044.707328,2467,32464,38951.0,0.0,5,12,2025-08-07 01:19:57
88.3300000000745,5054.267392,830,32258,38951.0,0.0,6,12,2025-08-07 01:19:56
22.730000000447035,4465.5616,32266,21054,38945.0,0.0,7,12,2025-08-07 01:19:54
34.83999999985099,4939.034624,30122,60512,38951.0,0.0,8,12,2025-08-07 01:19:57
46.95999999344349,5129.773056,37383,37294,38951.0,0.0,9,12,2025-08-07 01:19:57
45.64000000059605,4762.09152,76108,48354,38951.0,0.01,10,12,2025-08-07 01:19:57
105.92999999970198,5137.391616,40433,46992,38953.0,0.0,1,13,2025-08-07 01:20:11
76.84999999776483,5576.372224,1528,38012,38953.0,0.0,2,13,2025-08-07 01:20:13
152.98000000044703,5300.518912,2020,41913,38953.0,0.0,3,13,2025-08-07 01:20:12
24.81000000052154,5184.34816,32526,30363,38953.0,0.0,4,13,2025-08-07 01:20:11
84.78999999910593,5282.930688,17766,46083,38953.0,0.0,5,13,2025-08-07 01:20:11
67.77999999932945,5265.166336,132,28285,38953.0,0.0,6,13,2025-08-07 01:20:11
22.07999999821186,4573.892608,852,29289,38945.0,0.52,7,13,2025-08-07 01:20:09
31.849999997764826,5175.713792,35245,29939,38953.0,0.0,8,13,2025-08-07 01:20:11
48.53000000119209,5345.234944,5821,36316,38953.0,0.0,9,13,2025-08-07 01:20:12
35.45000000111759,4969.721856,43225,53558,38953.0,0.01,10,13,2025-08-07 01:20:11
100.30000000074506,5366.366208,32718,30072,38953.0,0.0,1,14,2025-08-07 01:20:49
76.14000000059605,5803.388928,518,37856,38953.0,0.0,2,14,2025-08-07 01:20:51
158.92999999970198,5515.882496,93472,69180,38953.0,0.0,3,14,2025-08-07 01:20:50
26.550000000745058,5425.262592,28937,50712,38955.0,0.0,4,14,2025-08-07 01:20:49
85.77999999932945,5521.170432,951,29421,38955.0,0.0,5,14,2025-08-07 01:20:49
104.18000000156462,5492.699136,70818,43026,38955.0,0.0,6,14,2025-08-07 01:20:49
23.07000000216067,4738.224128,29734,52981,38945.0,0.15,7,14,2025-08-07 01:20:47
32.439999997615814,5388.132352,43256,48370,38953.0,0.0,8,14,2025-08-07 01:20:49
51.21999999880791,5586.153472,76786,63779,38953.0,0.0,9,14,2025-08-07 01:20:50
34.34999999962747,5190.160384,17307,41200,38953.0,0.0,10,14,2025-08-07 01:20:49
109.56000000238419,5460.594688,1582,37522,38955.0,0.0,1,15,2025-08-07 01:21:04
80.45999999716878,5888.774144,76723,62259,38955.0,0.0,2,15,2025-08-07 01:21:05
193.12000000104308,5621.579776,32714,41730,38955.0,0.0,3,15,2025-08-07 01:21:05
28.179999999701977,5529.505792,31848,62785,38955.0,0.0,4,15,2025-08-07 01:21:04
91.35999999940395,5606.490112,32823,33136,38955.0,0.0,5,15,2025-08-07 01:21:03
89.52000000141561,5615.419392,41420,55750,38955.0,0.0,6,15,2025-08-07 01:21:03
22.53999999910593,4890.619904,26800,22299,38947.0,0.25,7,15,2025-08-07 01:21:01
35.99000000208616,5478.354944,43436,67866,38955.0,0.0,8,15,2025-08-07 01:21:03
50.350000001490116,5711.081472,30068,64374,38955.0,0.0,9,15,2025-08-07 01:21:04
46.269999999552965,5322.960896,9015,43235,38955.0,0.0,10,15,2025-08-07 01:21:04
109.49000000208616,5675.23328,42974,46705,38955.0,0.0,1,16,2025-08-07 01:21:17
76.5300000011921,6100.1728,38587,48566,38957.0,0.0,2,16,2025-08-07 01:21:18
122.71000000089407,5834.4448,41345,54335,38955.0,0.0,3,16,2025-08-07 01:21:18
18.56000000052154,5749.264384,1918,28836,38957.0,0.0,4,16,2025-08-07 01:21:17
85.20999999903142,5837.819904,41538,46607,38957.0,0.0,5,16,2025-08-07 01:21:17
85.93000000156462,5796.499456,34756,29220,38957.0,0.0,6,16,2025-08-07 01:21:17
24.62000000104308,4938.07616,9935,26719,38947.0,0.07,7,16,2025-08-07 01:21:15
28.809999998658895,5698.732032,41485,46529,38957.0,0.0,8,16,2025-08-07 01:21:17
41.20999999344349,5894.836224,57937,57881,38955.0,0.0,9,16,2025-08-07 01:21:17
32.0299999974668,5530.537984,6336,36412,38957.0,0.0,10,16,2025-08-07 01:21:16
111.29999999701977,5885.370368,3213,39115,38957.0,0.0,1,17,2025-08-07 01:22:04
75.4700000025332,6315.593728,34476,43659,38957.0,0.0,2,17,2025-08-07 01:22:06
176.64999999850988,6064.218112,32672,38479,38957.0,0.0,3,17,2025-08-07 01:22:05
26.6100000012666,5924.872192,62977,68512,38957.0,0.0,4,17,2025-08-07 01:22:04
85.79999999888241,6061.645824,63792,48137,38957.0,0.0,5,17,2025-08-07 01:22:04
99.72000000067055,6026.534912,53381,61496,38957.0,0.0,6,17,2025-08-07 01:22:04
22.330000000074506,5100.408832,402,20664,38947.0,0.44,7,17,2025-08-07 01:22:02
32.80000000074506,5905.891328,6202,39709,38957.0,0.0,8,17,2025-08-07 01:22:04
50.5899999961257,6123.84768,29154,65485,38957.0,0.0,9,17,2025-08-07 01:22:05
44.08999999985099,5752.086528,3721,40389,38957.0,0.0,10,17,2025-08-07 01:22:05
120.59999999776483,6005.06368,33153,34055,38959.0,0.0,1,18,2025-08-07 01:22:19
81.44999999925494,6425.366528,2945,42160,38959.0,0.0,2,18,2025-08-07 01:22:20
196.13999999687076,6184.824832,55759,65046,38959.0,0.0,3,18,2025-08-07 01:22:20
28.380000000819564,6075.777024,21046,46140,38959.0,0.0,4,18,2025-08-07 01:22:19
92.9400000013411,6195.789824,40662,51091,38959.0,0.0,5,18,2025-08-07 01:22:19
90.74000000022352,6146.215936,71412,46475,38959.0,0.0,6,18,2025-08-07 01:22:19
22.260000001639128,5258.797056,560,20322,38947.0,0.02,7,18,2025-08-07 01:22:16
34.82999999821186,6050.578432,48873,55427,38959.0,0.0,8,18,2025-08-07 01:22:19
52.560000002384186,6315.64288,80498,64004,38959.0,0.0,9,18,2025-08-07 01:22:19
39.06000000052154,5878.72256,11556,44684,38959.0,0.0,10,18,2025-08-07 01:22:19
100.57000000029802,6209.417216,30679,67697,38959.0,0.0,1,19,2025-08-07 01:22:32
77.14999999850988,6656.761856,102015,97638,38959.0,0.0,2,19,2025-08-07 01:22:34
184.1199999973178,6361.432064,34078,46056,38959.0,0.0,3,19,2025-08-07 01:22:33
24.93999999947846,6300.7744,3905,44884,38961.0,0.0,4,19,2025-08-07 01:22:32
86.16000000014901,6368.546816,34600,46481,38961.0,0.0,5,19,2025-08-07 01:22:32
109.36999999918044,6330.01984,74090,87456,38961.0,0.0,6,19,2025-08-07 01:22:32
22.340000001713634,5416.01792,42609,46678,38949.0,0.24,7,19,2025-08-07 01:22:30
33.46999999880791,6251.196416,15708,50347,38959.0,0.0,8,19,2025-08-07 01:22:32
52.66999999433756,6436.933632,38380,46498,38959.0,0.0,9,19,2025-08-07 01:22:33
38.81000000052154,6078.48448,8395,49896,38959.0,0.0,10,19,2025-08-07 01:22:32
103.02999999374151,6417.01888,45607,54570,38961.0,0.0,1,20,2025-08-07 01:22:45
76.35000000149012,6878.662656,37859,52595,38961.0,0.0,2,20,2025-08-07 01:22:47
161.06999999657273,6609.309696,72148,82273,38961.0,0.0,3,20,2025-08-07 01:22:46
25.489999998360872,6525.62432,1811,36267,38961.0,0.0,4,20,2025-08-07 01:22:45
85.8899999987334,6609.772544,43829,55080,38961.0,0.01,5,20,2025-08-07 01:22:45
84.2800000011921,6577.381376,35047,36972,38961.0,0.0,6,20,2025-08-07 01:22:45
22.28999999910593,5481.869312,8618,24831,38949.0,0.47,7,20,2025-08-07 01:22:43
32.189999997615814,6474.289152,39839,54267,38961.0,0.0,8,20,2025-08-07 01:22:45
59.37999999523163,6665.207808,52837,59742,38961.0,0.0,9,20,2025-08-07 01:22:46
34.46999999880791,6311.56736,6403,35933,38961.0,0.0,10,20,2025-08-07 01:22:45
99.71000000089407,6652.014592,41420,59237,38961.0,0.0,1,21,2025-08-07 01:23:14
75.88999999687076,7090.917376,390,45040,38963.0,0.0,2,21,2025-08-07 01:23:15
184.0599999986589,6811.58656,17660,58637,38961.0,0.0,3,21,2025-08-07 01:23:15
24.359999999403954,6723.674112,915,41242,38963.0,0.0,4,21,2025-08-07 01:23:14
85.79999999888241,6820.302848,55830,65659,38963.0,0.0,5,21,2025-08-07 01:23:14
80.40999999828637,6796.877824,34804,43726,38963.0,0.0,6,21,2025-08-07 01:23:14
22.529999999329448,5647.081472,272,23622,38949.0,0.02,7,21,2025-08-07 01:23:12
29.25,6666.674176,41274,53953,38963.0,0.0,8,21,2025-08-07 01:23:14
48.80000000447035,6896.14848,1583,45138,38961.0,0.0,9,21,2025-08-07 01:23:15
39.93000000156462,6519.619584,84522,67864,38963.0,0.0,10,21,2025-08-07 01:23:14
120.1499999947846,6738.296832,30248,61005,38963.0,0.0,1,22,2025-08-07 01:23:29
83.0899999961257,7181.000704,41918,60887,38963.0,0.0,2,22,2025-08-07 01:23:31
194.70000000298023,6914.019328,1767,36477,38963.0,0.0,3,22,2025-08-07 01:23:30
28.37000000104308,6804.045824,1102,32046,38965.0,0.0,4,22,2025-08-07 01:23:30
94.04999999888241,6930.014208,70634,46042,38963.0,0.01,5,22,2025-08-07 01:23:29
87.57000000029802,6887.69024,31302,60231,38963.0,0.0,6,22,2025-08-07 01:23:29
22.40000000037253,5804.244992,84825,45032,38951.0,0.0,7,22,2025-08-07 01:23:26
34.78999999538064,6762.586112,37932,44292,38963.0,0.0,8,22,2025-08-07 01:23:29
44.23999999463558,7118.102528,36754,34449,38963.0,0.0,9,22,2025-08-07 01:23:29
39.500000001862645,6587.342848,43183,44376,38963.0,0.01,10,22,2025-08-07 01:23:30
116.98000000044703,6952.886272,58246,51597,38965.0,0.0,1,23,2025-08-07 01:23:43
76.5,7379.468288,2491,36446,38965.0,0.0,2,23,2025-08-07 01:23:44
171.84000000357628,7093.317632,31054,60094,38965.0,0.0,3,23,2025-08-07 01:23:44
25.490000000223517,7035.78112,1139,32150,38965.0,0.0,4,23,2025-08-07 01:23:43
86.4199999999255,7105.601536,74131,79000,38965.0,0.0,5,23,2025-08-07 01:23:43
84.84000000171363,7088.586752,32263,29120,38965.0,0.0,6,23,2025-08-07 01:23:43
21.919999999925494,5971.468288,1298,20444,38951.0,0.39,7,23,2025-08-07 01:23:40
27.480000000447035,6954.770432,74608,51392,38965.0,0.0,8,23,2025-08-07 01:23:43
48.60999999940395,7199.776768,42330,46732,38963.0,0.01,9,23,2025-08-07 01:23:44
34.31999999843538,6802.231296,50689,57276,38965.0,0.0,10,23,2025-08-07 01:23:43
102.84999999776483,7173.0176,43609,61914,38965.0,0.0,1,24,2025-08-07 01:24:31
76.92999999970198,7580.020736,67998,83066,38965.0,0.0,2,24,2025-08-07 01:24:33
186.10000000149012,7345.614848,73384,50461,38965.0,0.0,3,24,2025-08-07 01:24:32
25.259999999776483,7258.943488,23834,30857,38967.0,0.0,4,24,2025-08-07 01:24:32
85.75999999977648,7347.974144,32071,29292,38967.0,0.0,5,24,2025-08-07 01:24:31
90.13000000081956,7308.587008,73015,80253,38967.0,0.0,6,24,2025-08-07 01:24:31
22.720000000670552,6008.958976,38449,38674,38951.0,0.52,7,24,2025-08-07 01:24:29
28.91999999806285,7191.01952,2788,29240,38965.0,0.0,8,24,2025-08-07 01:24:31
52.019999995827675,7422.271488,36712,34496,38965.0,0.0,9,24,2025-08-07 01:24:32
40.05000000074506,7019.327488,38317,46753,38967.0,0.0,10,24,2025-08-07 01:24:32
108.00999999791384,7376.564224,43708,47283,38967.0,0.0,1,25,2025-08-07 01:24:45
75.95000000298023,7780.032512,338,36125,38967.0,0.01,2,25,2025-08-07 01:24:47
184.5600000023842,7532.650496,72869,83420,38967.0,0.0,3,25,2025-08-07 01:24:46
25.800000000745058,7448.18688,10113,35926,38967.0,0.0,4,25,2025-08-07 01:24:46
85.87000000104308,7564.750848,58471,54935,38967.0,0.01,5,25,2025-08-07 01:24:45
71.37999999895692,7532.654592,32568,29177,38967.0,0.01,6,25,2025-08-07 01:24:45
22.090000001713634,6163.673088,1040,20446,38953.0,0.26,7,25,2025-08-07 01:24:43
32.25999999791384,7414.976512,39455,50981,38967.0,0.0,8,25,2025-08-07 01:24:45
54.07000000029802,7636.590592,17760,50015,38967.0,0.0,9,25,2025-08-07 01:24:46
37.41000000201166,7209.611264,8377,37948,38967.0,0.01,10,25,2025-08-07 01:24:45
111.2800000011921,7577.448448,907,32414,38967.0,0.0,1,26,2025-08-07 01:25:00
83.64000000059605,8026.329088,43164,58868,38969.0,0.0,2,26,2025-08-07 01:25:01
121.25999999791384,7746.80576,1649,36586,38967.0,0.0,3,26,2025-08-07 01:25:00
27.37999999895692,7537.180672,1052,36461,38969.0,0.0,4,26,2025-08-07 01:25:00
85.37000000104308,7805.865984,54831,37259,38969.0,0.0,5,26,2025-08-07 01:24:59
84.70999999903142,7755.767808,3333,29154,38969.0,0.0,6,26,2025-08-07 01:24:59
20.25,6343.33184,87980,47308,38953.0,0.31,7,26,2025-08-07 01:24:56
31.760000001639128,7635.554304,65828,68053,38969.0,0.0,8,26,2025-08-07 01:24:59
46.21000000089407,7845.752832,35816,33390,38967.0,0.0,9,26,2025-08-07 01:24:59
31.880000000819564,7413.379072,39742,37428,38969.0,0.0,10,26,2025-08-07 01:24:59
101.13999999687076,7668.6336,40343,50801,38969.0,0.0,1,27,2025-08-07 01:26:12
74.45000000298023,8111.374336,2828,37614,38969.0,0.0,2,27,2025-08-07 01:26:13
141.5299999974668,7843.86048,2046,39341,38969.0,0.0,3,27,2025-08-07 01:26:12
25.58999999985099,7756.94336,859,28477,38971.0,0.0,4,27,2025-08-07 01:26:12
87.54000000096858,7856.857088,41655,47013,38971.0,0.0,5,27,2025-08-07 01:26:12
85.9400000013411,7841.52576,1518,33828,38969.0,0.0,6,27,2025-08-07 01:26:12
22.279999999329448,6508.48256,628,20495,38953.0,0.0,7,27,2025-08-07 01:26:09
31.36999999731779,7689.039872,35612,29855,38969.0,0.0,8,27,2025-08-07 01:26:12
49.25,7886.127104,31318,65054,38969.0,0.0,9,27,2025-08-07 01:26:13
30.330000000074506,7494.721536,40466,54206,38969.0,0.0,10,27,2025-08-07 01:26:12
97.98000000044703,7881.33888,718,28433,38971.0,0.0,1,28,2025-08-07 01:26:28
76.1900000013411,8324.820992,39058,54423,38971.0,0.0,2,28,2025-08-07 01:26:29
183.71000000089407,8029.339648,1021,32759,38971.0,0.0,3,28,2025-08-07 01:26:29
25.65000000037253,7978.217472,970,32754,38971.0,0.0,4,28,2025-08-07 01:26:28
86.25,8055.78752,31303,42713,38971.0,0.0,5,28,2025-08-07 01:26:28
68.27000000141561,8053.948416,2263,28359,38971.0,0.0,6,28,2025-08-07 01:26:28
23.02000000141561,6670.716928,50959,31606,38953.0,0.1,7,28,2025-08-07 01:26:25
31.979999996721745,7921.80736,38871,44914,38971.0,0.01,8,28,2025-08-07 01:26:28
45.25999999791384,8077.47584,36088,33839,38969.0,0.0,9,28,2025-08-07 01:26:28
39.10999999940395,7708.913664,41178,38354,38971.0,0.0,10,28,2025-08-07 01:26:28
93.1900000013411,8064.086016,81514,58991,38971.0,0.0,1,29,2025-08-07 01:26:41
76.4400000013411,8538.832896,2649,36693,38971.0,0.0,2,29,2025-08-07 01:26:43
186.01000000163913,8266.133504,30163,60242,38971.0,0.0,3,29,2025-08-07 01:26:42
25.15000000037253,8177.881088,33080,33644,38973.0,0.0,4,29,2025-08-07 01:26:41
86.83999999985099,8313.204736,49029,77294,38973.0,0.0,5,29,2025-08-07 01:26:41
84.13000000081956,8273.403904,384,28036,38973.0,0.0,6,29,2025-08-07 01:26:41
22.3600000012666,6664.024064,1856,20986,38955.0,0.06,7,29,2025-08-07 01:26:39
32.24999999627471,8137.588736,36105,33298,38971.0,0.0,8,29,2025-08-07 01:26:41
50.02999999374151,8323.510272,798,32849,38971.0,0.0,9,29,2025-08-07 01:26:42
41.77999999932945,7956.754432,47758,56560,38973.0,0.0,10,29,2025-08-07 01:26:41
100.25,8316.760064,700,28646,38973.0,0.0,1,30,2025-08-07 01:26:54
74.38999999314547,8762.363904,658,36563,38973.0,0.0,2,30,2025-08-07 01:26:56
183.23000000044703,8486.756352,12119,37006,38973.0,0.0,3,30,2025-08-07 01:26:55
26.259999999776483,8400.113664,51861,57129,38975.0,0.0,4,30,2025-08-07 01:26:54
84.69999999925494,8550.350848,1395,32936,38973.0,0.0,5,30,2025-08-07 01:26:54
84.81000000052154,8495.7184,14493,34751,38973.0,0.0,6,30,2025-08-07 01:26:54
21.780000001192093,6815.993856,432,20637,38955.0,0.34,7,30,2025-08-07 01:26:52
31.759999997913837,8361.0624,2462,33255,38973.0,0.0,8,30,2025-08-07 01:26:54
45.100000001490116,8516.759552,1050,32386,38973.0,0.0,9,30,2025-08-07 01:26:55
39.47999999858439,8151.412736,55321,42280,38973.0,0.0,10,30,2025-08-07 01:26:54
113.33999999985099,8383.356928,1181,42358,38973.0,0.0,1,31,2025-08-07 01:27:08
83.95000000298023,8825.798656,34304,46812,38975.0,0.0,2,31,2025-08-07 01:27:10
168.1300000026822,8705.794048,32500,37602,38973.0,0.0,3,31,2025-08-07 01:27:08
31.279999999329448,8467.091456,64280,71814,38975.0,0.0,4,31,2025-08-07 01:27:09
85.39000000059605,8766.009344,1500,37430,38975.0,0.0,5,31,2025-08-07 01:27:07
111.41000000014901,8661.721088,79035,64594,38975.0,0.0,6,31,2025-08-07 01:27:07
22.21000000089407,6975.623168,260,24172,38955.0,0.0,7,31,2025-08-07 01:27:05
30.54000000283122,8575.352832,36514,34907,38975.0,0.0,8,31,2025-08-07 01:27:07
52.53000000119209,8761.495552,32052,69962,38973.0,0.0,9,31,2025-08-07 01:27:08
33.330000000074506,8387.878912,19002,50609,38975.0,0.0,10,31,2025-08-07 01:27:07
94.76999999955297,8570.540032,5269,45826,38975.0,0.0,1,32,2025-08-07 01:27:37
76.65000000223517,9036.546048,63388,75339,38975.0,0.0,2,32,2025-08-07 01:27:39
175.95000000298023,8728.809472,70287,53734,38975.0,0.0,3,32,2025-08-07 01:27:38
25.450000001117587,8681.242624,32350,42376,38977.0,0.0,4,32,2025-08-07 01:27:37
87.77999999932945,8774.41024,29725,69279,38977.0,0.0,5,32,2025-08-07 01:27:37
86.86999999918044,8756.445184,45311,61044,38977.0,0.0,6,32,2025-08-07 01:27:37
22.080000000074506,7132.577792,1302,27684,38957.0,0.54,7,32,2025-08-07 01:27:34
31.259999997913837,8609.665024,38026,43168,38975.0,0.01,8,32,2025-08-07 01:27:37
61.03000000119209,8800.1536,1537,50185,38975.0,0.0,9,32,2025-08-07 01:27:39
40.25,8444.715008,46227,63440,38975.0,0.0,10,32,2025-08-07 01:27:37
78.9699999988079,8751.304704,35416,34314,38977.0,0.0,1,33,2025-08-07 01:27:52
75.10999999940395,9239.322624,38541,47486,38977.0,0.01,2,33,2025-08-07 01:27:53
178.17999999970198,8934.662144,46521,60508,38977.0,0.0,3,33,2025-08-07 01:27:53
26.600000001490116,8904.716288,71511,58138,38977.0,0.0,4,33,2025-08-07 01:27:52
85.39999999850988,9004.683264,14807,35801,38977.0,0.0,5,33,2025-08-07 01:27:52
98.19999999925494,8962.080768,531,29895,38977.0,0.0,6,33,2025-08-07 01:27:52
22.799999998882413,7297.282048,31567,54076,38957.0,0.0,7,33,2025-08-07 01:27:49
32.21000000089407,8812.904448,870,30215,38977.0,0.0,8,33,2025-08-07 01:27:52
50.189999997615814,9000.267776,41869,52963,38975.0,0.0,9,33,2025-08-07 01:27:53
40.40000000037253,8649.617408,43606,41886,38977.0,0.01,10,33,2025-08-07 01:27:52
106.3099999949336,8992.862208,10652,37236,38977.0,0.0,1,34,2025-08-07 01:28:05
75.62999999895692,9457.332224,33426,42370,38977.0,0.0,2,34,2025-08-07 01:28:07
160.86000000312924,9182.74048,33798,42528,38977.0,0.0,3,34,2025-08-07 01:28:06
27.15000000037253,9112.24832,60668,61472,38979.0,0.01,4,34,2025-08-07 01:28:06
86.08999999985099,9228.234752,35529,34574,38979.0,0.0,5,34,2025-08-07 01:28:05
91.89000000059605,9179.987968,39956,51725,38979.0,0.0,6,34,2025-08-07 01:28:05
21.08000000193715,7290.580992,466,20276,38957.0,0.54,7,34,2025-08-07 01:28:03
33.28000000119209,9005.395968,29217,60706,38977.0,0.0,8,34,2025-08-07 01:28:05
48.32000000029802,9183.244288,30246,66227,38977.0,0.0,9,34,2025-08-07 01:28:06
35.21000000089407,8853.38112,4746,40704,38979.0,0.0,10,34,2025-08-07 01:28:05
109.94999999925494,9217.130496,923,40637,38979.0,0.0,1,35,2025-08-07 01:29:04
75.33999999985099,9694.0032,59528,48206,38979.0,0.01,2,35,2025-08-07 01:29:05
178.60999999940395,9368.682496,70037,53552,38979.0,0.0,3,35,2025-08-07 01:29:05
26.28999999910593,9326.7968,60737,69047,38981.0,0.0,4,35,2025-08-07 01:29:04
86.63000000081956,9450.991616,32240,32503,38979.0,0.0,5,35,2025-08-07 01:29:04
81.39000000059605,9389.064192,41038,59173,38979.0,0.0,6,35,2025-08-07 01:29:04
22.380000000819564,7440.91648,360,22709,38959.0,0.0,7,35,2025-08-07 01:29:01
30.20999999716878,9250.197504,31295,59829,38979.0,0.0,8,35,2025-08-07 01:29:04
46.95000000298023,9414.8608,3758,45110,38977.0,0.0,9,35,2025-08-07 01:29:04
45.37999999895692,9050.05056,9785,44466,38979.0,0.0,10,35,2025-08-07 01:29:05
111.85000000149012,9431.691264,72732,52347,38979.0,0.0,1,36,2025-08-07 01:29:17
75.17999999970198,9903.067136,1759,37790,38981.0,0.0,2,36,2025-08-07 01:29:18
174.66999999806285,9622.462464,41200,55830,38979.0,0.0,3,36,2025-08-07 01:29:18
25.840000001713634,9551.618048,40420,41498,38981.0,0.0,4,36,2025-08-07 01:29:17
86.92999999970198,9670.57408,56272,53688,38981.0,0.0,5,36,2025-08-07 01:29:17
83.42999999970198,9628.459008,32818,29733,38981.0,0.0,6,36,2025-08-07 01:29:17
21.980000000447035,7601.147904,2977,25061,38959.0,0.2,7,36,2025-08-07 01:29:14
32.17999999970198,9473.798144,41314,47231,38981.0,0.0,8,36,2025-08-07 01:29:17
40.179999992251396,9637.466112,45927,54711,38979.0,0.0,9,36,2025-08-07 01:29:18
34.89000000059605,9302.851584,8921,38621,38981.0,0.0,10,36,2025-08-07 01:29:17
101.9400000013411,9482.780672,31776,61091,38981.0,0.0,1,37,2025-08-07 01:29:32
75.14000000059605,9947.058176,44030,61291,38981.0,0.0,2,37,2025-08-07 01:29:33
134.3399999961257,9649.262592,35992,41961,38981.0,0.0,3,37,2025-08-07 01:29:34
26.1100000012666,9576.271872,24432,35224,38983.0,0.0,4,37,2025-08-07 01:29:32
99.3300000000745,9668.706304,69815,49812,38983.0,0.0,5,37,2025-08-07 01:29:33
97.9699999988079,9664.380928,74056,84027,38983.0,0.0,6,37,2025-08-07 01:29:33
16.990000000223517,7758.430208,38377,38499,38959.0,0.0,7,37,2025-08-07 01:29:29
30.050000000745058,9503.199232,38901,49962,38981.0,0.0,8,37,2025-08-07 01:29:33
18.510000005364418,9877.794816,36498,34109,38981.0,0.0,9,37,2025-08-07 01:29:32
37.48000000230968,9324.756992,7512,39956,38981.0,0.0,10,37,2025-08-07 01:29:33
100.52000000327826,9674.944512,872,29147,38983.0,0.0,1,38,2025-08-07 01:30:01
75.83999999985099,10139.877376,43145,56246,38983.0,0.0,2,38,2025-08-07 01:30:02
178.51999999955297,9838.3872,33299,38654,38983.0,0.0,3,38,2025-08-07 01:30:02
25.890000000596046,9795.23584,4283,36102,38985.0,0.0,4,38,2025-08-07 01:30:01
88.51999999955297,9841.983488,32515,34976,38983.0,0.0,5,38,2025-08-07 01:30:01
120.08000000193715,9858.555904,18182,46818,38983.0,0.0,6,38,2025-08-07 01:30:01
21.68999999947846,7924.404224,41676,40696,38959.0,0.34,7,38,2025-08-07 01:29:58
33.95999999716878,9697.353728,44071,67641,38983.0,0.01,8,38,2025-08-07 01:30:01
42.39000000059605,9927.196672,35651,34610,38981.0,0.0,9,38,2025-08-07 01:30:01
37.27999999932945,9531.10528,6698,34004,38983.0,0.0,10,38,2025-08-07 01:30:01
103.58999999985099,9900.142592,40503,47096,38983.0,0.0,1,39,2025-08-07 01:30:14
75.39000000059605,10360.75008,10066,40055,38983.0,0.0,2,39,2025-08-07 01:30:15
181.07000000029802,10019.84,18562,50313,38983.0,0.0,3,39,2025-08-07 01:30:15
21.81000000052154,10017.128448,1247,32341,38985.0,0.0,4,39,2025-08-07 01:30:14
84.06000000052154,10086.322176,41269,51272,38985.0,0.01,5,39,2025-08-07 01:30:14
93.89999999850988,10069.540864,35308,31336,38985.0,0.0,6,39,2025-08-07 01:30:14
22.050000000745058,8090.042368,35713,31640,38961.0,0.0,7,39,2025-08-07 01:30:11
32.110000003129244,9897.947136,76848,52539,38983.0,0.0,8,39,2025-08-07 01:30:14
50.64000000059605,10137.972736,14371,38709,38983.0,0.0,9,39,2025-08-07 01:30:14
38.57000000029802,9718.648832,46498,54193,38985.0,0.0,10,39,2025-08-07 01:30:14
101.76999999955297,10105.11872,18510,86750,38985.0,0.0,1,40,2025-08-07 01:30:28
76.62999999895692,10558.398464,57642,108915,38985.0,0.0,2,40,2025-08-07 01:30:29
183.48000000417233,10250.87488,3130,44461,38985.0,0.0,3,40,2025-08-07 01:30:29
23.130000000819564,10239.500288,5056,82034,38987.0,0.01,4,40,2025-08-07 01:30:28
86.33999999985099,10300.669952,35467,81364,38987.0,0.0,5,40,2025-08-07 01:30:28
83.49000000022352,10260.23424,4672,81222,38985.0,0.0,6,40,2025-08-07 01:30:28
23.489999998360872,8073.773056,53488,80101,38961.0,0.47,7,40,2025-08-07 01:30:26
33.46999999880791,10119.000064,1690,40403,38985.0,0.0,8,40,2025-08-07 01:30:28
47.69999999552965,10348.478464,39686,85275,38983.0,0.0,9,40,2025-08-07 01:30:28
34.96000000089407,9907.040256,111608,123082,38985.0,0.0,10,40,2025-08-07 01:30:28
104.25,10317.942784,43391,51126,38985.0,0.0,1,41,2025-08-07 01:30:44
76.5599999986589,10763.567104,1721,36908,38987.0,0.0,2,41,2025-08-07 01:30:46
109.20999999716878,10501.009408,72657,79394,38985.0,0.0,3,41,2025-08-07 01:30:45
17.669999999925494,10456.28928,863,28240,38987.0,0.0,4,41,2025-08-07 01:30:44
87.08000000193715,10530.357248,87088,82565,38987.0,0.0,5,41,2025-08-07 01:30:44
76.9400000013411,10505.609216,32947,33596,38987.0,0.0,6,41,2025-08-07 01:30:44
18.300000000745058,8224.6656,2027,22689,38961.0,0.17,7,41,2025-08-07 01:30:42
27.759999997913837,10315.436032,42676,83305,38987.0,0.0,8,41,2025-08-07 01:30:44
21.87000000476837,10561.8432,1114,32488,38985.0,0.0,9,41,2025-08-07 01:30:45
32.830000000074506,10126.925824,49940,53189,38987.0,0.0,10,41,2025-08-07 01:30:44
106.63000000268221,10546.376704,38244,49421,38987.0,0.0,1,42,2025-08-07 01:31:09
76.09999999776483,11002.597376,34937,46064,38987.0,0.0,2,42,2025-08-07 01:31:11
171.33000000193715,10722.516992,835,40866,38987.0,0.0,3,42,2025-08-07 01:31:10
25.669999999925494,10689.26976,61173,69980,38989.0,0.0,4,42,2025-08-07 01:31:09
86.12999999895692,10755.076096,2256,41110,38989.0,0.0,5,42,2025-08-07 01:31:09
68.69999999925494,10711.769088,2108,39142,38989.0,0.0,6,42,2025-08-07 01:31:09
22.260000001639128,8363.798528,202,26432,38963.0,0.16,7,42,2025-08-07 01:31:07
31.070000000298023,10557.329408,36476,43485,38987.0,0.0,8,42,2025-08-07 01:31:09
43.17000000178814,10794.635264,29328,68556,38987.0,0.0,9,42,2025-08-07 01:31:10
37.6100000012666,10339.229696,44800,64440,38987.0,0.0,10,42,2025-08-07 01:31:10
102.5599999986589,10531.688448,32583,29550,38987.0,0.0,1,43,2025-08-07 01:31:24
87.5599999986589,10990.993408,1146,41826,38989.0,0.0,2,43,2025-08-07 01:31:26
215.22999999672174,10730.070016,37411,50839,38989.0,0.0,3,43,2025-08-07 01:31:25
26.080000000074506,10677.92384,55278,57048,38991.0,0.01,4,43,2025-08-07 01:31:23
101.32000000029802,10790.25664,1623,37380,38989.0,0.0,5,43,2025-08-07 01:31:24
120.80000000074506,10753.163264,14651,38639,38989.0,0.0,6,43,2025-08-07 01:31:24
21.890000000596046,8525.111296,1140,21017,38963.0,0.22,7,43,2025-08-07 01:31:20
36.939999997615814,10572.537856,4275,38247,38989.0,0.0,8,43,2025-08-07 01:31:24
29.989999994635582,11017.715712,42590,51661,38987.0,0.0,9,43,2025-08-07 01:31:23
50.28999999910593,10366.13632,85764,82904,38989.0,0.0,10,43,2025-08-07 01:31:25
96.68999999761581,10747.94496,2832,35915,38989.0,0.0,1,44,2025-08-07 01:31:38
78.12999999895692,11186.62656,63253,70961,38989.0,0.0,2,44,2025-08-07 01:31:39
130.6199999973178,10919.223296,32484,38613,38989.0,0.0,3,44,2025-08-07 01:31:38
20.390000000596046,10872.004608,34113,31186,38991.0,0.0,4,44,2025-08-07 01:31:38
87.06000000052154,10973.564928,28528,57688,38991.0,0.0,5,44,2025-08-07 01:31:38
81.04999999888241,10923.679744,30386,62689,38991.0,0.0,6,44,2025-08-07 01:31:37
22.140000000596046,8684.19584,1078,21644,38963.0,0.11,7,44,2025-08-07 01:31:35
22.689999997615814,10749.263872,35282,31134,38989.0,0.0,8,44,2025-08-07 01:31:37
25.349999994039536,11006.185472,3008,38483,38989.0,0.0,9,44,2025-08-07 01:31:39
32.830000000074506,10574.536704,26808,57357,38991.0,0.0,10,44,2025-08-07 01:31:37
100.84000000357628,10942.660608,801,29235,38991.0,0.0,1,45,2025-08-07 01:32:27
76.26999999955297,11397.189632,39412,55824,38991.0,0.0,2,45,2025-08-07 01:32:29
163.03999999910593,11151.659008,1323,33926,38991.0,0.01,3,45,2025-08-07 01:32:28
24.429999999701977,11107.241984,290,29103,38993.0,0.0,4,45,2025-08-07 01:32:28
86.3300000000745,11189.116928,20912,35860,38993.0,0.0,5,45,2025-08-07 01:32:27
68.40999999828637,11159.71584,1144,30079,38991.0,0.01,6,45,2025-08-07 01:32:27
23.1399999987334,8854.495232,46986,32385,38965.0,0.24,7,45,2025-08-07 01:32:25
29.95999999716878,10942.332928,61673,43599,38991.0,0.0,8,45,2025-08-07 01:32:27
45.71000000089407,11232.518144,36650,34718,38989.0,0.0,9,45,2025-08-07 01:32:28
35.25999999977648,10780.872704,69924,66626,38991.0,0.0,10,45,2025-08-07 01:32:28
101.2799999974668,11154.972672,43255,47818,38991.0,0.01,1,46,2025-08-07 01:32:47
76.7800000011921,11614.531584,330,37933,38993.0,0.0,2,46,2025-08-07 01:32:48
187.01999999955297,11352.797184,74501,80995,38991.0,0.0,3,46,2025-08-07 01:32:48
26.08999999985099,11321.544704,1458,33454,38995.0,0.0,4,46,2025-08-07 01:32:47
85.76999999955297,11400.937472,44743,52818,38993.0,0.0,5,46,2025-08-07 01:32:46
84.95000000111759,11339.964416,70065,42651,38993.0,0.0,6,46,2025-08-07 01:32:46
28.06000000052154,8807.329792,1270,29500,38965.0,0.43,7,46,2025-08-07 01:32:46
32.08000000193715,11198.30016,41700,51758,38993.0,0.0,8,46,2025-08-07 01:32:46
43.99000000208616,11434.459136,76805,63685,38991.0,0.01,9,46,2025-08-07 01:32:47
40.419999999925494,11020.43136,8587,36831,38993.0,0.01,10,46,2025-08-07 01:32:47
100.25,11382.288384,513,29138,38993.0,0.0,1,47,2025-08-07 01:33:00
74.89000000059605,11829.338112,66452,59241,38993.0,0.0,2,47,2025-08-07 01:33:02
179.089999999851,11581.3376,33547,39190,38993.0,0.0,3,47,2025-08-07 01:33:01
25.919999999925494,11547.111424,1052,33669,38995.0,0.0,4,47,2025-08-07 01:33:00
85.48000000230968,11638.398976,56406,36368,38995.0,0.0,5,47,2025-08-07 01:33:00
86.53999999910593,11588.386816,1960,29967,38995.0,0.0,6,47,2025-08-07 01:33:00
22.600000001490116,8945.537024,73924,41499,38965.0,0.08,7,47,2025-08-07 01:32:58
33.69999999925494,11388.86656,43808,67185,38993.0,0.0,8,47,2025-08-07 01:33:00
49.75999999791384,11659.583488,35845,35170,38991.0,0.0,9,47,2025-08-07 01:33:00
37.53999999910593,11233.124352,7401,38410,38993.0,0.0,10,47,2025-08-07 01:33:00
105.64999999850988,11567.24736,41488,54441,38993.0,0.0,1,48,2025-08-07 01:33:13
76.14000000059605,12051.775488,8726,46599,38995.0,0.0,2,48,2025-08-07 01:33:15
179.84999999403954,11811.008512,13912,56031,38995.0,0.0,3,48,2025-08-07 01:33:14
24.269999999552965,11777.318912,653,34873,38997.0,0.0,4,48,2025-08-07 01:33:14
85.79999999888241,11866.435584,41058,53035,38995.0,0.0,5,48,2025-08-07 01:33:13
81.44999999925494,11803.062272,34266,36261,38995.0,0.01,6,48,2025-08-07 01:33:13
20.23000000230968,9091.825664,38458,38842,38965.0,0.31,7,48,2025-08-07 01:33:11
28.260000001639128,11631.415296,41280,53141,38995.0,0.0,8,48,2025-08-07 01:33:13
47.689999997615814,11874.000896,32154,71852,38993.0,0.0,9,48,2025-08-07 01:33:14
34.20000000111759,11447.320576,83735,72073,38995.0,0.01,10,48,2025-08-07 01:33:13
97.42999999970198,11817.213952,14659,34823,38995.0,0.0,1,49,2025-08-07 01:33:27
76.21000000089407,12280.369152,55281,61422,38995.0,0.0,2,49,2025-08-07 01:33:28
186.43000000342727,11994.988544,4297,38641,38995.0,0.0,3,49,2025-08-07 01:33:28
31.66000000014901,11783.9872,29438,44042,38997.0,0.0,4,49,2025-08-07 01:33:29
85.7199999988079,12092.043264,2350,28762,38997.0,0.0,5,49,2025-08-07 01:33:27
68.10000000149012,12022.071296,250,28622,38997.0,0.0,6,49,2025-08-07 01:33:27
22.219999998807907,9247.596544,34268,23386,38967.0,0.28,7,49,2025-08-07 01:33:24
31.680000003427267,11829.059584,1528,30041,38995.0,0.0,8,49,2025-08-07 01:33:27
42.17999999970198,12079.075328,36421,33878,38995.0,0.0,9,49,2025-08-07 01:33:27
36.56999999843538,11680.178176,106132,77922,38997.0,0.0,10,49,2025-08-07 01:33:27
107.2199999988079,11832.635392,45360,55139,38997.0,0.0,1,50,2025-08-07 01:33:42
77.81000000238419,12287.438848,30530,70796,38997.0,0.0,2,50,2025-08-07 01:33:43
225.5299999974668,11996.401664,36470,71627,38997.0,0.0,3,50,2025-08-07 01:33:44
26.12000000104308,11969.277952,32607,34382,38999.0,0.0,4,50,2025-08-07 01:33:42
87.62999999895692,12100.120576,72806,81745,38999.0,0.0,5,50,2025-08-07 01:33:43
98.32000000029802,12020.727808,32772,38965,38999.0,0.0,6,50,2025-08-07 01:33:43
22.019999999552965,9416.3968,518,20976,38967.0,0.0,7,50,2025-08-07 01:33:39
31.84000000357628,11868.041216,35916,31076,38997.0,0.0,8,50,2025-08-07 01:33:41
38.649999998509884,12298.805248,24104,35490,38995.0,0.0,9,50,2025-08-07 01:33:43
35.119999999180436,11689.7792,48683,54682,38997.0,0.0,10,50,2025-08-07 01:33:42
