client_rank,round,timestamp,cpu_time,cpu_freq_mhz,ram_used_mb,net_sent_bytes,net_recv_bytes,gpu_mem_used_mb,gpu_load
1,1,2025-07-23 21:48,1762948.3,2391.776042,21325.46355,2.47975E+11,4.82501E+12,,
2,1,2025-07-23 21:48,1762948.3,2390.407125,21325.46355,2.47975E+11,4.82501E+12,,
3,1,2025-07-23 21:48,1762948.3,2391.776042,21325.46355,2.47975E+11,4.82501E+12,,
4,1,2025-07-23 21:48,1762948.3,2391.776042,21325.46355,2.47975E+11,4.82501E+12,,
5,1,2025-07-23 21:48,1762948.3,2391.776042,21325.46355,2.47975E+11,4.82501E+12,,
6,1,2025-07-23 21:48,1762948.3,2391.776042,21325.46355,2.47975E+11,4.82501E+12,,
7,1,2025-07-23 21:48,1762948.3,2391.776042,21325.46355,2.47975E+11,4.82501E+12,,
8,1,2025-07-23 21:48,1762948.3,2391.776042,21325.46355,2.47975E+11,4.82501E+12,,
9,1,2025-07-23 21:48,1762948.3,2391.776042,21325.46355,2.47975E+11,4.82501E+12,,
10,1,2025-07-23 21:48,1762948.3,2391.776042,21325.46355,2.47975E+11,4.82501E+12,,
1,2,2025-07-23 21:48,1762996.54,2399.193729,21284.19635,2.47975E+11,4.82502E+12,,
2,2,2025-07-23 21:48,1762995.71,2364.556042,21123.98131,2.47975E+11,4.82502E+12,,
3,2,2025-07-23 21:48,1762996.04,2393.588583,21219.38125,2.47975E+11,4.82502E+12,,
4,2,2025-07-23 21:48,1762995.72,2373.573771,21124.22707,2.47975E+11,4.82502E+12,,
5,2,2025-07-23 21:48,1762995.85,2376.692208,21173.78867,2.47975E+11,4.82502E+12,,
6,2,2025-07-23 21:48,1762995.76,2381.172813,21150.84698,2.47975E+11,4.82502E+12,,
7,2,2025-07-23 21:48,1762996.26,2393.370708,21254.07846,2.47975E+11,4.82502E+12,,
8,2,2025-07-23 21:48,1762995.83,2379.485021,21166.77222,2.47975E+11,4.82502E+12,,
9,2,2025-07-23 21:48,1762996.18,2393.187396,21235.04845,2.47975E+11,4.82502E+12,,
10,2,2025-07-23 21:48,1762995.74,2379.349292,21138.59994,2.47975E+11,4.82502E+12,,
1,3,2025-07-23 21:48,1763043.49,2397.837479,21408.61645,2.47975E+11,4.82502E+12,,
2,3,2025-07-23 21:48,1763042.57,2373.508521,21288.52582,2.47975E+11,4.82502E+12,,
3,3,2025-07-23 21:48,1763042.65,2381.763729,21306.49907,2.47975E+11,4.82502E+12,,
4,3,2025-07-23 21:48,1763042.5,2372.650854,21274.40691,2.47975E+11,4.82502E+12,,
5,3,2025-07-23 21:48,1763042.78,2388.051708,21339.87328,2.47975E+11,4.82502E+12,,
6,3,2025-07-23 21:48,1763042.59,2381.084771,21291.07763,2.47975E+11,4.82502E+12,,
7,3,2025-07-23 21:48,1763043.33,2399.999917,21400.30566,2.47975E+11,4.82502E+12,,
8,3,2025-07-23 21:48,1763042.72,2388.051708,21339.87328,2.47975E+11,4.82502E+12,,
9,3,2025-07-23 21:48,1763042.7,2387.995312,21337.05114,2.47975E+11,4.82502E+12,,
10,3,2025-07-23 21:48,1763042.47,2363.272104,21261.3079,2.47975E+11,4.82502E+12,,
1,4,2025-07-23 21:49,1763089.17,2398.090167,21393.97734,2.47975E+11,4.82502E+12,,
2,4,2025-07-23 21:49,1763088.45,2382.919396,21291.26605,2.47975E+11,4.82502E+12,,
3,4,2025-07-23 21:49,1763088.36,2381.983938,21281.0711,2.47975E+11,4.82502E+12,,
4,4,2025-07-23 21:49,1763088.28,2362.917229,21251.54714,2.47975E+11,4.82502E+12,,
5,4,2025-07-23 21:49,1763088.42,2384.469979,21281.0711,2.47975E+11,4.82502E+12,,
6,4,2025-07-23 21:49,1763088.5,2385.055417,21330.72691,2.47975E+11,4.82502E+12,,
7,4,2025-07-23 21:49,1763088.95,2391.683979,21364.50253,2.47975E+11,4.82502E+12,,
8,4,2025-07-23 21:49,1763088.41,2378.361125,21281.0711,2.47975E+11,4.82502E+12,,
9,4,2025-07-23 21:49,1763088.76,2395.788146,21355.16365,2.47975E+11,4.82502E+12,,
10,4,2025-07-23 21:49,1763088.27,2360.619583,21251.29318,2.47975E+11,4.82502E+12,,
1,5,2025-07-23 21:49,1763135.03,2396.962813,21372.14157,2.47975E+11,4.82502E+12,,
2,5,2025-07-23 21:49,1763134.46,2375.583396,21301.38317,2.47975E+11,4.82502E+12,,
3,5,2025-07-23 21:49,1763134.44,2373.778521,21271.87558,2.47975E+11,4.82502E+12,,
4,5,2025-07-23 21:49,1763134.43,2374.814958,21271.87558,2.47975E+11,4.82502E+12,,
5,5,2025-07-23 21:49,1763134.54,2379.617521,21319.6841,2.47975E+11,4.82502E+12,,
6,5,2025-07-23 21:49,1763134.44,2378.413646,21271.87558,2.47975E+11,4.82502E+12,,
7,5,2025-07-23 21:49,1763135.17,2400.000104,21391.68768,2.47975E+11,4.82502E+12,,
8,5,2025-07-23 21:49,1763134.57,2385.007437,21325.15226,2.47975E+11,4.82502E+12,,
9,5,2025-07-23 21:49,1763134.77,2397.074271,21367.4967,2.47975E+11,4.82502E+12,,
10,5,2025-07-23 21:49,1763134.46,2372.625688,21272.63334,2.47975E+11,4.82502E+12,,
1,6,2025-07-23 21:49,1763181.34,2399.111021,21426.65933,2.47975E+11,4.82502E+12,,
2,6,2025-07-23 21:49,1763180.35,2381.479667,21280.99738,2.47975E+11,4.82502E+12,,
3,6,2025-07-23 21:49,1763180.38,2380.525917,21316.27213,2.47975E+11,4.82502E+12,,
4,6,2025-07-23 21:49,1763180.29,2380.684771,21268.41446,2.47975E+11,4.82502E+12,,
5,6,2025-07-23 21:49,1763180.29,2379.674583,21268.41446,2.47975E+11,4.82502E+12,,
6,6,2025-07-23 21:49,1763180.33,2383.058042,21282.54566,2.47975E+11,4.82502E+12,,
7,6,2025-07-23 21:49,1763180.56,2395.067,21357.75232,2.47975E+11,4.82502E+12,,
8,6,2025-07-23 21:49,1763180.43,2383.802958,21338.50522,2.47975E+11,4.82502E+12,,
9,6,2025-07-23 21:49,1763180.73,2392.959479,21396.32026,2.47975E+11,4.82502E+12,,
10,6,2025-07-23 21:49,1763180.31,2376.418625,21268.41446,2.47975E+11,4.82502E+12,,
1,7,2025-07-23 21:49,1763227.63,2400.000708,20992.5161,2.47975E+11,4.82502E+12,,
2,7,2025-07-23 21:49,1763226.45,2372.621875,21262.00013,2.47975E+11,4.82502E+12,,
3,7,2025-07-23 21:49,1763226.53,2375.969063,21302.03853,2.47975E+11,4.82502E+12,,
4,7,2025-07-23 21:49,1763226.45,2376.812708,21279.27706,2.47975E+11,4.82502E+12,,
5,7,2025-07-23 21:49,1763226.46,2368.760083,21262.00013,2.47975E+11,4.82502E+12,,
6,7,2025-07-23 21:49,1763226.53,2379.259437,21302.80038,2.47975E+11,4.82502E+12,,
7,7,2025-07-23 21:49,1763226.8,2397.855042,21376.63898,2.47975E+11,4.82502E+12,,
8,7,2025-07-23 21:49,1763226.68,2392.913438,21347.2256,2.47975E+11,4.82502E+12,,
9,7,2025-07-23 21:49,1763226.74,2391.95075,21363.10579,2.47975E+11,4.82502E+12,,
10,7,2025-07-23 21:49,1763226.44,2366.725104,21262.00013,2.47975E+11,4.82502E+12,,
1,8,2025-07-23 21:50,1763273.51,2400.000896,21031.94829,2.47975E+11,4.82502E+12,,
2,8,2025-07-23 21:50,1763272.49,2389.656813,20873.33478,2.47975E+11,4.82502E+12,,
3,8,2025-07-23 21:50,1763272.51,2383.245896,20894.47014,2.47975E+11,4.82502E+12,,
4,8,2025-07-23 21:50,1763272.47,2388.607542,20873.33478,2.47975E+11,4.82502E+12,,
5,8,2025-07-23 21:50,1763272.46,2382.444167,20872.57702,2.47975E+11,4.82502E+12,,
6,8,2025-07-23 21:50,1763272.54,2388.233063,20932.37862,2.47975E+11,4.82502E+12,,
7,8,2025-07-23 21:50,1763272.85,2395.224083,20997.18963,2.47975E+11,4.82502E+12,,
8,8,2025-07-23 21:50,1763272.49,2385.035083,20918.7799,2.47975E+11,4.82502E+12,,
9,8,2025-07-23 21:50,1763272.5,2386.443271,20874.09254,2.47975E+11,4.82502E+12,,
10,8,2025-07-23 21:50,1763272.5,2383.109146,20875.3705,2.47975E+11,4.82502E+12,,
1,9,2025-07-23 21:50,1763319.32,2397.144188,20935.76192,2.47975E+11,4.82502E+12,,
2,9,2025-07-23 21:50,1763318.63,2361.6805,20814.68826,2.47975E+11,4.82502E+12,,
3,9,2025-07-23 21:50,1763318.76,2383.858229,20865.34758,2.47975E+11,4.82502E+12,,
4,9,2025-07-23 21:50,1763318.73,2384.868792,20843.3111,2.47975E+11,4.82502E+12,,
5,9,2025-07-23 21:50,1763318.63,2361.316542,20814.68826,2.47975E+11,4.82502E+12,,
6,9,2025-07-23 21:50,1763318.72,2387.710521,20866.10944,2.47975E+11,4.82502E+12,,
7,9,2025-07-23 21:50,1763319.12,2399.910104,20918.03443,2.47975E+11,4.82502E+12,,
8,9,2025-07-23 21:50,1763318.73,2383.427104,20843.3111,2.47975E+11,4.82502E+12,,
9,9,2025-07-23 21:50,1763318.88,2387.935125,20881.77664,2.47975E+11,4.82502E+12,,
10,9,2025-07-23 21:50,1763318.6,2371.302958,20808.96205,2.47975E+11,4.82502E+12,,
1,10,2025-07-23 21:50,1763365.86,2397.595812,21012.10726,2.47975E+11,4.82502E+12,,
2,10,2025-07-23 21:50,1763364.95,2370.458792,20878.78656,2.47975E+11,4.82502E+12,,
3,10,2025-07-23 21:50,1763365.27,2392.523563,20953.4935,2.47975E+11,4.82502E+12,,
4,10,2025-07-23 21:50,1763364.99,2371.285375,20893.93357,2.47975E+11,4.82502E+12,,
5,10,2025-07-23 21:50,1763364.95,2377.048542,20878.78656,2.47975E+11,4.82502E+12,,
6,10,2025-07-23 21:50,1763365.04,2378.247479,20906.76224,2.47975E+11,4.82502E+12,,
7,10,2025-07-23 21:50,1763365.82,2400.000125,21013.13946,2.47975E+11,4.82502E+12,,
8,10,2025-07-23 21:50,1763365.19,2387.896167,20950.65907,2.47975E+11,4.82502E+12,,
9,10,2025-07-23 21:50,1763365.13,2386.298479,20950.65907,2.47975E+11,4.82502E+12,,
10,10,2025-07-23 21:50,1763365,2369.270167,20902.56794,2.47975E+11,4.82502E+12,,
1,11,2025-07-23 21:50,1763412.35,2398.191,20790.14912,2.47975E+11,4.82502E+12,,
2,11,2025-07-23 21:50,1763411.25,2374.066833,20612.46464,2.47975E+11,4.82502E+12,,
3,11,2025-07-23 21:50,1763411.37,2382.416729,20670.03802,2.47975E+11,4.82502E+12,,
4,11,2025-07-23 21:50,1763411.26,2376.753313,20612.46464,2.47975E+11,4.82502E+12,,
5,11,2025-07-23 21:50,1763411.29,2374.410313,20612.72269,2.47975E+11,4.82502E+12,,
6,11,2025-07-23 21:50,1763411.31,2381.123229,20655.64877,2.47975E+11,4.82502E+12,,
7,11,2025-07-23 21:50,1763411.95,2396.273229,20764.93824,2.47975E+11,4.82502E+12,,
8,11,2025-07-23 21:50,1763411.53,2384.93575,20710.9079,2.47975E+11,4.82502E+12,,
9,11,2025-07-23 21:50,1763411.49,2389.942188,20719.47264,2.47975E+11,4.82502E+12,,
10,11,2025-07-23 21:50,1763411.22,2373.272542,20597.57568,2.47975E+11,4.82502E+12,,
1,12,2025-07-23 21:51,1763458.5,2400.001917,20847.76346,2.47975E+11,4.82502E+12,,
2,12,2025-07-23 21:51,1763457.62,2371.090042,20708.28237,2.47975E+11,4.82502E+12,,
3,12,2025-07-23 21:51,1763457.64,2376.453833,20709.04013,2.47975E+11,4.82502E+12,,
4,12,2025-07-23 21:51,1763457.62,2372.024542,20692.08678,2.47975E+11,4.82502E+12,,
5,12,2025-07-23 21:51,1763457.57,2361.665375,20690.82522,2.47975E+11,4.82502E+12,,
6,12,2025-07-23 21:51,1763457.81,2386.172,20749.29971,2.47975E+11,4.82502E+12,,
7,12,2025-07-23 21:51,1763457.98,2393.499771,20797.07955,2.47975E+11,4.82502E+12,,
8,12,2025-07-23 21:51,1763457.77,2386.728604,20734.91456,2.47975E+11,4.82502E+12,,
9,12,2025-07-23 21:51,1763457.86,2392.338333,20778.58202,2.47975E+11,4.82502E+12,,
10,12,2025-07-23 21:51,1763457.65,2375.196292,20709.04013,2.47975E+11,4.82502E+12,,
1,13,2025-07-23 21:51,1763503.63,2398.295646,20879.72864,2.47975E+11,4.82502E+12,,
2,13,2025-07-23 21:51,1763502.96,2387.936208,20760.48589,2.47975E+11,4.82502E+12,,
3,13,2025-07-23 21:51,1763502.97,2390.476729,20774.86285,2.47975E+11,4.82502E+12,,
4,13,2025-07-23 21:51,1763502.9,2376.222229,20736.43418,2.47975E+11,4.82502E+12,,
5,13,2025-07-23 21:51,1763502.91,2381.16925,20744.56474,2.47975E+11,4.82502E+12,,
6,13,2025-07-23 21:51,1763502.96,2381.501042,20760.48589,2.47975E+11,4.82502E+12,,
7,13,2025-07-23 21:51,1763503.19,2394.514125,20854.25562,2.47975E+11,4.82502E+12,,
8,13,2025-07-23 21:51,1763502.94,2387.967,20770.4105,2.47975E+11,4.82502E+12,,
9,13,2025-07-23 21:51,1763503.05,2390.3385,20804.14515,2.47975E+11,4.82502E+12,,
10,13,2025-07-23 21:51,1763502.87,2369.525833,20725.02682,2.47975E+11,4.82502E+12,,
1,14,2025-07-23 21:51,1763549.31,2398.469875,20909.43693,2.47975E+11,4.82502E+12,,
2,14,2025-07-23 21:51,1763548.32,2369.19075,20776.08755,2.47975E+11,4.82502E+12,,
3,14,2025-07-23 21:51,1763548.5,2383.498063,20833.35373,2.47975E+11,4.82502E+12,,
4,14,2025-07-23 21:51,1763548.27,2367.179604,20763.25888,2.47975E+11,4.82502E+12,,
5,14,2025-07-23 21:51,1763548.32,2373.391104,20776.08755,2.47975E+11,4.82502E+12,,
6,14,2025-07-23 21:51,1763548.42,2381.935604,20818.98086,2.47975E+11,4.82502E+12,,
7,14,2025-07-23 21:51,1763548.86,2389.997646,20880.0809,2.47975E+11,4.82502E+12,,
8,14,2025-07-23 21:51,1763548.54,2387.33125,20830.47834,2.47975E+11,4.82502E+12,,
9,14,2025-07-23 21:51,1763548.62,2388.024167,20862.83674,2.47975E+11,4.82502E+12,,
10,14,2025-07-23 21:51,1763548.36,2373.881646,20776.08755,2.47975E+11,4.82502E+12,,
1,15,2025-07-23 21:51,1763594.35,2399.865125,20918.25152,2.47975E+11,4.82502E+12,,
2,15,2025-07-23 21:51,1763593.77,2383.787354,20822.24128,2.47975E+11,4.82502E+12,,
3,15,2025-07-23 21:51,1763593.81,2393.929667,20863.77882,2.47975E+11,4.82502E+12,,
4,15,2025-07-23 21:51,1763593.65,2371.870083,20789.87878,2.47975E+11,4.82502E+12,,
5,15,2025-07-23 21:51,1763593.58,2360.281083,20767.92832,2.47975E+11,4.82502E+12,,
6,15,2025-07-23 21:51,1763593.65,2382.679437,20819.40685,2.47975E+11,4.82502E+12,,
7,15,2025-07-23 21:51,1763593.92,2390.493625,20874.99366,2.47975E+11,4.82502E+12,,
8,15,2025-07-23 21:51,1763594.02,2392.379208,20896.65741,2.47975E+11,4.82502E+12,,
9,15,2025-07-23 21:51,1763593.77,2386.632521,20822.24128,2.47975E+11,4.82502E+12,,
10,15,2025-07-23 21:51,1763593.61,2377.005396,20774.71949,2.47975E+11,4.82502E+12,,
1,16,2025-07-23 21:52,1763638.95,2395.493354,20475.67053,2.47976E+11,4.82502E+12,,
2,16,2025-07-23 21:52,1763638.68,2377.355875,20376.03533,2.47976E+11,4.82502E+12,,
3,16,2025-07-23 21:52,1763638.75,2396.892354,20427.54662,2.47976E+11,4.82502E+12,,
4,16,2025-07-23 21:52,1763638.77,2398.539042,20433.28922,2.47976E+11,4.82502E+12,,
5,16,2025-07-23 21:52,1763638.55,2358.240063,20351.43885,2.47976E+11,4.82502E+12,,
6,16,2025-07-23 21:52,1763638.78,2391.468667,20416.08192,2.47976E+11,4.82502E+12,,
7,16,2025-07-23 21:52,1763638.86,2395.898354,20433.80531,2.47976E+11,4.82502E+12,,
8,16,2025-07-23 21:52,1763638.69,2386.136292,20376.55142,2.47976E+11,4.82502E+12,,
9,16,2025-07-23 21:52,1763638.63,2374.930208,20365.05395,2.47976E+11,4.82502E+12,,
10,16,2025-07-23 21:52,1763638.61,2374.465083,20371.29626,2.47976E+11,4.82502E+12,,
1,17,2025-07-23 21:52,1763684.3,2398.439083,20382.44147,2.47976E+11,4.82502E+12,,
2,17,2025-07-23 21:52,1763684.03,2383.018313,20345.97888,2.47976E+11,4.82502E+12,,
3,17,2025-07-23 21:52,1763683.9,2380.606958,20292.93158,2.47976E+11,4.82502E+12,,
4,17,2025-07-23 21:52,1763683.97,2387.549708,20345.97888,2.47976E+11,4.82502E+12,,
5,17,2025-07-23 21:52,1763683.77,2361.062604,20279.07072,2.47976E+11,4.82502E+12,,
6,17,2025-07-23 21:52,1763683.9,2380.592542,20297.37165,2.47976E+11,4.82502E+12,,
7,17,2025-07-23 21:52,1763684.35,2397.66175,20404.88346,2.47976E+11,4.82502E+12,,
8,17,2025-07-23 21:52,1763684.28,2398.439083,20381.15533,2.47976E+11,4.82502E+12,,
9,17,2025-07-23 21:52,1763683.95,2381.504271,20303.88429,2.47976E+11,4.82502E+12,,
10,17,2025-07-23 21:52,1763683.93,2381.881688,20303.11424,2.47976E+11,4.82502E+12,,
1,18,2025-07-23 21:52,1763729.33,2396.598708,20458.32397,2.47976E+11,4.82502E+12,,
2,18,2025-07-23 21:52,1763729.29,2396.193542,20433.23597,2.47976E+11,4.82502E+12,,
3,18,2025-07-23 21:52,1763728.87,2364.505,20363.04691,2.47976E+11,4.82502E+12,,
4,18,2025-07-23 21:52,1763728.94,2377.401792,20383.40403,2.47976E+11,4.82502E+12,,
5,18,2025-07-23 21:52,1763728.73,2358.960396,20343.68102,2.47976E+11,4.82502E+12,,
6,18,2025-07-23 21:52,1763729.13,2383.740292,20415.00467,2.47976E+11,4.82502E+12,,
7,18,2025-07-23 21:52,1763729.47,2396.184854,20481.27795,2.47976E+11,4.82502E+12,,
8,18,2025-07-23 21:52,1763729.1,2387.587438,20416.27853,2.47976E+11,4.82502E+12,,
9,18,2025-07-23 21:52,1763728.97,2374.716521,20382.64627,2.47976E+11,4.82502E+12,,
10,18,2025-07-23 21:52,1763728.83,2364.152042,20359.33594,2.47976E+11,4.82502E+12,,
1,19,2025-07-23 21:52,1763774.4,2396.033,20398.10458,2.47976E+11,4.82502E+12,,
2,19,2025-07-23 21:52,1763774.25,2386.958938,20330.13965,2.47976E+11,4.82502E+12,,
3,19,2025-07-23 21:52,1763774.17,2384.398854,20320.18227,2.47976E+11,4.82502E+12,,
4,19,2025-07-23 21:52,1763774.2,2384.252833,20320.18227,2.47976E+11,4.82502E+12,,
5,19,2025-07-23 21:52,1763774.07,2353.869583,20308.47181,2.47976E+11,4.82502E+12,,
6,19,2025-07-23 21:52,1763774.21,2378.007292,20325.91258,2.47976E+11,4.82502E+12,,
7,19,2025-07-23 21:52,1763774.3,2396.17525,20374.31091,2.47976E+11,4.82502E+12,,
8,19,2025-07-23 21:52,1763774.42,2396.069083,20398.86234,2.47976E+11,4.82502E+12,,
9,19,2025-07-23 21:52,1763774.19,2385.160938,20318.65446,2.47976E+11,4.82502E+12,,
10,19,2025-07-23 21:52,1763774.19,2383.410479,20318.65446,2.47976E+11,4.82502E+12,,
1,20,2025-07-23 21:52,1763819.59,2397.130083,20426.83392,2.47976E+11,4.82502E+12,,
2,20,2025-07-23 21:52,1763819.35,2389.961354,20364.17741,2.47976E+11,4.82502E+12,,
3,20,2025-07-23 21:53,1763819.32,2378.6495,20333.53114,2.47976E+11,4.82502E+12,,
4,20,2025-07-23 21:53,1763819.32,2378.449938,20325.9863,2.47976E+11,4.82502E+12,,
5,20,2025-07-23 21:53,1763819.17,2357.320625,20320.18227,2.47976E+11,4.82502E+12,,
6,20,2025-07-23 21:53,1763819.28,2377.663688,20329.63584,2.47976E+11,4.82502E+12,,
7,20,2025-07-23 21:53,1763819.73,2397.842458,20431.20435,2.47976E+11,4.82502E+12,,
8,20,2025-07-23 21:53,1763819.39,2385.552938,20363.66131,2.47976E+11,4.82502E+12,,
9,20,2025-07-23 21:53,1763819.43,2392.534,20386.08691,2.47976E+11,4.82502E+12,,
10,20,2025-07-23 21:53,1763819.38,2391.378271,20386.08691,2.47976E+11,4.82502E+12,,
1,21,2025-07-23 21:53,1763864.9,2398.270083,20413.18195,2.47976E+11,4.82502E+12,,
2,21,2025-07-23 21:53,1763864.47,2373.993708,20303.62624,2.47976E+11,4.82502E+12,,
3,21,2025-07-23 21:53,1763864.48,2372.837625,20303.62624,2.47976E+11,4.82502E+12,,
4,21,2025-07-23 21:53,1763864.53,2373.314104,20318.77734,2.47976E+11,4.82502E+12,,
5,21,2025-07-23 21:53,1763864.41,2364.022125,20288.47923,2.47976E+11,4.82502E+12,,
6,21,2025-07-23 21:53,1763864.62,2396.050646,20344.39782,2.47976E+11,4.82502E+12,,
7,21,2025-07-23 21:53,1763864.79,2393.832437,20358.48806,2.47976E+11,4.82502E+12,,
8,21,2025-07-23 21:53,1763864.77,2395.623188,20357.45587,2.47976E+11,4.82502E+12,,
9,21,2025-07-23 21:53,1763864.69,2388.886062,20341.52243,2.47976E+11,4.82502E+12,,
10,21,2025-07-23 21:53,1763864.71,2395.623188,20357.45587,2.47976E+11,4.82502E+12,,
1,22,2025-07-23 21:53,1763909.64,2398.538021,20435.01773,2.47976E+11,4.82502E+12,,
2,22,2025-07-23 21:53,1763909.7,2394.529333,20434.50163,2.47976E+11,4.82502E+12,,
3,22,2025-07-23 21:53,1763909.38,2380.172729,20359.168,2.47976E+11,4.82502E+12,,
4,22,2025-07-23 21:53,1763909.34,2371.690021,20354.46989,2.47976E+11,4.82502E+12,,
5,22,2025-07-23 21:53,1763909.21,2362.870521,20340.60902,2.47976E+11,4.82502E+12,,
6,22,2025-07-23 21:53,1763909.43,2379.547729,20363.39507,2.47976E+11,4.82502E+12,,
7,22,2025-07-23 21:53,1763909.76,2397.168938,20439.97389,2.47976E+11,4.82502E+12,,
8,22,2025-07-23 21:53,1763909.52,2385.137062,20404.45338,2.47976E+11,4.82502E+12,,
9,22,2025-07-23 21:53,1763909.49,2381.360438,20377.25184,2.47976E+11,4.82502E+12,,
10,22,2025-07-23 21:53,1763909.43,2379.547729,20363.39507,2.47976E+11,4.82502E+12,,
1,23,2025-07-23 21:53,1763954.36,2397.113083,20498.98496,2.47976E+11,4.82502E+12,,
2,23,2025-07-23 21:53,1763953.93,2378.986167,20407.38611,2.47976E+11,4.82502E+12,,
3,23,2025-07-23 21:53,1763953.8,2374.98725,20390.42867,2.47976E+11,4.82502E+12,,
4,23,2025-07-23 21:53,1763953.8,2376.691458,20377.07162,2.47976E+11,4.82502E+12,,
5,23,2025-07-23 21:53,1763953.65,2357.326375,20365.05395,2.47976E+11,4.82502E+12,,
6,23,2025-07-23 21:53,1763953.84,2381.416938,20391.46086,2.47976E+11,4.82502E+12,,
7,23,2025-07-23 21:53,1763953.9,2384.228188,20392.49306,2.47976E+11,4.82502E+12,,
8,23,2025-07-23 21:53,1763954.19,2396.892583,20468.15846,2.47976E+11,4.82502E+12,,
9,23,2025-07-23 21:53,1763954.1,2396.892583,20468.15846,2.47976E+11,4.82502E+12,,
10,23,2025-07-23 21:53,1763953.84,2385.646646,20392.49306,2.47976E+11,4.82502E+12,,
1,24,2025-07-23 21:53,1763999.56,2399.077812,20494.02061,2.47976E+11,4.82502E+12,,
2,24,2025-07-23 21:53,1763999.15,2387.165729,20436.92237,2.47976E+11,4.82502E+12,,
3,24,2025-07-23 21:53,1763998.91,2370.230458,20373.74157,2.47976E+11,4.82502E+12,,
4,24,2025-07-23 21:53,1763999.04,2389.147771,20423.0615,2.47976E+11,4.82502E+12,,
5,24,2025-07-23 21:53,1763998.74,2357.838646,20359.8807,2.47976E+11,4.82502E+12,,
6,24,2025-07-23 21:53,1763998.95,2375.461396,20374.25766,2.47976E+11,4.82502E+12,,
7,24,2025-07-23 21:53,1763999.02,2389.608667,20423.0615,2.47976E+11,4.82502E+12,,
8,24,2025-07-23 21:53,1763999.28,2393.734396,20471.65645,2.47976E+11,4.82502E+12,,
9,24,2025-07-23 21:53,1763999.15,2387.166167,20437.68013,2.47976E+11,4.82502E+12,,
10,24,2025-07-23 21:53,1763998.93,2371.315458,20373.74157,2.47976E+11,4.82502E+12,,
1,25,2025-07-23 21:54,1764044.14,2399.999938,20462.91968,2.47976E+11,4.82502E+12,,
2,25,2025-07-23 21:54,1764043.61,2387.036938,20407.61139,2.47976E+11,4.82502E+12,,
3,25,2025-07-23 21:54,1764043.59,2377.438583,20370.48934,2.47976E+11,4.82502E+12,,
4,25,2025-07-23 21:54,1764043.58,2379.071354,20368.94106,2.47976E+11,4.82502E+12,,
5,25,2025-07-23 21:54,1764043.48,2357.769562,20356.11238,2.47976E+11,4.82502E+12,,
6,25,2025-07-23 21:54,1764043.72,2382.768271,20438.24947,2.47976E+11,4.82502E+12,,
7,25,2025-07-23 21:54,1764044.04,2399.874458,20459.58144,2.47976E+11,4.82502E+12,,
8,25,2025-07-23 21:54,1764043.97,2394.883125,20457.7792,2.47976E+11,4.82502E+12,,
9,25,2025-07-23 21:54,1764043.58,2373.212771,20368.94106,2.47976E+11,4.82502E+12,,
10,25,2025-07-23 21:54,1764043.56,2379.861917,20368.94106,2.47976E+11,4.82502E+12,,
1,26,2025-07-23 21:54,1764090.12,2397.496125,20492.22656,2.47976E+11,4.82502E+12,,
2,26,2025-07-23 21:54,1764089.41,2375.547521,20365.91411,2.47976E+11,4.82502E+12,,
3,26,2025-07-23 21:54,1764089.51,2388.458792,20428.0873,2.47976E+11,4.82502E+12,,
4,26,2025-07-23 21:54,1764089.41,2373.099438,20365.91411,2.47976E+11,4.82502E+12,,
5,26,2025-07-23 21:54,1764089.35,2362.787667,20353.08544,2.47976E+11,4.82502E+12,,
6,26,2025-07-23 21:54,1764089.44,2382.540083,20383.94061,2.47976E+11,4.82502E+12,,
7,26,2025-07-23 21:54,1764089.9,2399.080396,20463.98874,2.47976E+11,4.82502E+12,,
8,26,2025-07-23 21:54,1764089.78,2390.784208,20440.56781,2.47976E+11,4.82502E+12,,
9,26,2025-07-23 21:54,1764089.42,2380.771833,20365.91411,2.47976E+11,4.82502E+12,,
10,26,2025-07-23 21:54,1764089.46,2376.671625,20418.99827,2.47976E+11,4.82502E+12,,
1,27,2025-07-23 21:54,1764135.41,2398.527833,20467.13446,2.47976E+11,4.82502E+12,,
2,27,2025-07-23 21:54,1764135.05,2379.219458,20411.26502,2.47976E+11,4.82502E+12,,
3,27,2025-07-23 21:54,1764135.09,2394.922104,20424.31488,2.47976E+11,4.82502E+12,,
4,27,2025-07-23 21:54,1764134.99,2380.460271,20383.27296,2.47976E+11,4.82502E+12,,
5,27,2025-07-23 21:54,1764134.76,2359.372521,20356.33766,2.47976E+11,4.82502E+12,,
6,27,2025-07-23 21:54,1764135.13,2390.226563,20421.7344,2.47976E+11,4.82502E+12,,
7,27,2025-07-23 21:54,1764135.32,2397.697083,20467.13446,2.47976E+11,4.82502E+12,,
8,27,2025-07-23 21:54,1764135.21,2392.728354,20443.92653,2.47976E+11,4.82502E+12,,
9,27,2025-07-23 21:54,1764134.9,2367.144771,20367.09376,2.47976E+11,4.82502E+12,,
10,27,2025-07-23 21:54,1764134.99,2380.460271,20383.27296,2.47976E+11,4.82502E+12,,
1,28,2025-07-23 21:54,1764181.08,2398.438792,20486.61914,2.47976E+11,4.82502E+12,,
2,28,2025-07-23 21:54,1764180.41,2394.455833,20438.86387,2.47976E+11,4.82502E+12,,
3,28,2025-07-23 21:54,1764180.23,2384.197958,20369.82579,2.47976E+11,4.82502E+12,,
4,28,2025-07-23 21:54,1764180.33,2384.688167,20401.21344,2.47976E+11,4.82502E+12,,
5,28,2025-07-23 21:54,1764180.16,2368.096104,20341.33402,2.47976E+11,4.82502E+12,,
6,28,2025-07-23 21:54,1764180.48,2395.738833,20438.86387,2.47976E+11,4.82502E+12,,
7,28,2025-07-23 21:54,1764180.41,2394.659875,20410.11814,2.47976E+11,4.82502E+12,,
8,28,2025-07-23 21:54,1764180.29,2383.703062,20382.91251,2.47976E+11,4.82502E+12,,
9,28,2025-07-23 21:54,1764180.19,2365.156979,20341.33402,2.47976E+11,4.82502E+12,,
10,28,2025-07-23 21:54,1764180.24,2377.110354,20369.3097,2.47976E+11,4.82502E+12,,
1,29,2025-07-23 21:55,1764225.69,2400.000917,20465.56979,2.47976E+11,4.82502E+12,,
2,29,2025-07-23 21:55,1764225.32,2389.453979,20386.25894,2.47976E+11,4.82502E+12,,
3,29,2025-07-23 21:55,1764225.11,2368.23475,20337.65581,2.47976E+11,4.82502E+12,,
4,29,2025-07-23 21:55,1764225.27,2388.359854,20370.04698,2.47976E+11,4.82502E+12,,
5,29,2025-07-23 21:55,1764224.99,2360.705333,20324.57318,2.47976E+11,4.82502E+12,,
6,29,2025-07-23 21:55,1764225.29,2390.505229,20374.48704,2.47976E+11,4.82502E+12,,
7,29,2025-07-23 21:55,1764225.37,2393.287833,20410.5728,2.47976E+11,4.82502E+12,,
8,29,2025-07-23 21:55,1764225.38,2393.526438,20411.0889,2.47976E+11,4.82502E+12,,
9,29,2025-07-23 21:55,1764225.12,2372.240937,20336.88576,2.47976E+11,4.82502E+12,,
10,29,2025-07-23 21:55,1764225.27,2391.905979,20379.2384,2.47976E+11,4.82502E+12,,
1,30,2025-07-23 21:55,1764271.03,2397.936854,20455.06355,2.47976E+11,4.82502E+12,,
2,30,2025-07-23 21:55,1764270.7,2387.878729,20420.12467,2.47976E+11,4.82502E+12,,
3,30,2025-07-23 21:55,1764270.44,2375.622896,20356.67763,2.47976E+11,4.82502E+12,,
4,30,2025-07-23 21:55,1764270.48,2382.233437,20385.1817,2.47976E+11,4.82502E+12,,
5,30,2025-07-23 21:55,1764270.31,2353.564625,20333.43693,2.47976E+11,4.82502E+12,,
6,30,2025-07-23 21:55,1764270.55,2383.159271,20387.50003,2.47976E+11,4.82502E+12,,
7,30,2025-07-23 21:55,1764271.06,2399.21725,20456.08755,2.47976E+11,4.82502E+12,,
8,30,2025-07-23 21:55,1764270.65,2388.446229,20420.88243,2.47976E+11,4.82502E+12,,
9,30,2025-07-23 21:55,1764270.39,2368.038521,20345.18016,2.47976E+11,4.82502E+12,,
10,30,2025-07-23 21:55,1764270.44,2368.86125,20355.90758,2.47976E+11,4.82502E+12,,
1,31,2025-07-23 21:55,1764315.98,2396.486542,20490.32602,2.47976E+11,4.82502E+12,,
2,31,2025-07-23 21:55,1764315.55,2383.137271,20407.61139,2.47976E+11,4.82502E+12,,
3,31,2025-07-23 21:55,1764315.45,2372.818479,20376.42854,2.47976E+11,4.82502E+12,,
4,31,2025-07-23 21:55,1764315.55,2383.788604,20406.32525,2.47976E+11,4.82502E+12,,
5,31,2025-07-23 21:55,1764315.39,2358.347229,20363.59987,2.47976E+11,4.82502E+12,,
6,31,2025-07-23 21:55,1764315.52,2384.822958,20406.32525,2.47976E+11,4.82502E+12,,
7,31,2025-07-23 21:55,1764315.83,2398.228521,20459.24147,2.47976E+11,4.82502E+12,,
8,31,2025-07-23 21:55,1764315.87,2396.647104,20456.41933,2.47976E+11,4.82502E+12,,
9,31,2025-07-23 21:55,1764315.47,2386.543958,20383.28525,2.47976E+11,4.82502E+12,,
10,31,2025-07-23 21:55,1764315.48,2374.901125,20371.75091,2.47976E+11,4.82502E+12,,
1,32,2025-07-23 21:55,1764362.5,2398.631188,20420.63667,2.47976E+11,4.82502E+12,,
2,32,2025-07-23 21:55,1764361.94,2387.988583,20359.96262,2.47976E+11,4.82502E+12,,
3,32,2025-07-23 21:55,1764361.71,2378.578812,20306.98496,2.47976E+11,4.82502E+12,,
4,32,2025-07-23 21:55,1764361.7,2373.475021,20292.59981,2.47976E+11,4.82502E+12,,
5,32,2025-07-23 21:55,1764361.66,2363.014646,20279.25504,2.47976E+11,4.82502E+12,,
6,32,2025-07-23 21:55,1764361.8,2379.059313,20334.6985,2.47976E+11,4.82502E+12,,
7,32,2025-07-23 21:55,1764362.17,2392.071813,20424.7081,2.47976E+11,4.82502E+12,,
8,32,2025-07-23 21:55,1764361.98,2392.181563,20375.0441,2.47976E+11,4.82502E+12,,
9,32,2025-07-23 21:55,1764361.75,2383.141042,20308.2711,2.47976E+11,4.82502E+12,,
10,32,2025-07-23 21:55,1764361.73,2385.454146,20306.98496,2.47976E+11,4.82502E+12,,
1,33,2025-07-23 21:56,1764406.66,2397.438542,19954.03264,2.47976E+11,4.82502E+12,,
2,33,2025-07-23 21:56,1764406.27,2388.680792,19863.42093,2.47976E+11,4.82502E+12,,
3,33,2025-07-23 21:56,1764406.16,2366.392396,19836.73139,2.47976E+11,4.82502E+12,,
4,33,2025-07-23 21:56,1764406.34,2396.471688,19909.65248,2.47976E+11,4.82502E+12,,
5,33,2025-07-23 21:56,1764406.02,2354.366479,19822.85824,2.47976E+11,4.82502E+12,,
6,33,2025-07-23 21:56,1764406.27,2388.81575,19864.19098,2.47976E+11,4.82502E+12,,
7,33,2025-07-23 21:56,1764406.21,2378.661729,19850.07616,2.47976E+11,4.82502E+12,,
8,33,2025-07-23 21:56,1764406.48,2400.000646,19936.81715,2.47976E+11,4.82502E+12,,
9,33,2025-07-23 21:56,1764406.2,2375.885125,19850.07616,2.47976E+11,4.82502E+12,,
10,33,2025-07-23 21:56,1764406.36,2390.99675,19884.30643,2.47976E+11,4.82502E+12,,
1,34,2025-07-23 21:56,1764449.87,2396.392333,19927.15469,2.47976E+11,4.82502E+12,,
2,34,2025-07-23 21:56,1764449.56,2384.827021,19909.74669,2.47976E+11,4.82502E+12,,
3,34,2025-07-23 21:56,1764449.35,2367.247521,19815.23558,2.47976E+11,4.82502E+12,,
4,34,2025-07-23 21:56,1764449.41,2386.491813,19846.0457,2.47976E+11,4.82502E+12,,
5,34,2025-07-23 21:56,1764449.32,2363.708917,19814.46554,2.47976E+11,4.82502E+12,,
6,34,2025-07-23 21:56,1764449.45,2386.39975,19876.864,2.47976E+11,4.82502E+12,,
7,34,2025-07-23 21:56,1764449.37,2371.451313,19844.75955,2.47976E+11,4.82502E+12,,
8,34,2025-07-23 21:56,1764449.83,2400.000021,19937.34554,2.47976E+11,4.82502E+12,,
9,34,2025-07-23 21:56,1764449.38,2383.689313,19846.0457,2.47976E+11,4.82502E+12,,
10,34,2025-07-23 21:56,1764449.87,2396.392333,19927.15469,2.47976E+11,4.82502E+12,,
1,35,2025-07-23 21:56,1764492.93,2396.570313,19942.04774,2.47976E+11,4.82502E+12,,
2,35,2025-07-23 21:56,1764492.76,2396.558292,19928.96922,2.47976E+11,4.82502E+12,,
3,35,2025-07-23 21:56,1764492.43,2375.811854,19857.5145,2.47976E+11,4.82502E+12,,
4,35,2025-07-23 21:56,1764492.61,2382.091104,19885.7728,2.47976E+11,4.82502E+12,,
5,35,2025-07-23 21:56,1764492.3,2361.403729,19829.28077,2.47976E+11,4.82502E+12,,
6,35,2025-07-23 21:56,1764492.55,2375.611333,19885.7728,2.47976E+11,4.82502E+12,,
7,35,2025-07-23 21:56,1764492.55,2380.674125,19872.16179,2.47976E+11,4.82502E+12,,
8,35,2025-07-23 21:56,1764492.77,2390.1055,19915.03872,2.47976E+11,4.82502E+12,,
9,35,2025-07-23 21:56,1764492.34,2364.323708,19837.91514,2.47976E+11,4.82502E+12,,
10,35,2025-07-23 21:56,1764492.84,2396.558292,19930.00141,2.47976E+11,4.82502E+12,,
1,36,2025-07-23 21:56,1764535.93,2396.390333,19940.19226,2.47976E+11,4.82502E+12,,
2,36,2025-07-23 21:56,1764535.83,2392.268188,19922.71872,2.47976E+11,4.82502E+12,,
3,36,2025-07-23 21:56,1764535.5,2367.864771,19846.97549,2.47976E+11,4.82502E+12,,
4,36,2025-07-23 21:56,1764535.57,2371.168813,19862.38054,2.47976E+11,4.82502E+12,,
5,36,2025-07-23 21:56,1764535.45,2364.059958,19833.11462,2.47976E+11,4.82502E+12,,
6,36,2025-07-23 21:56,1764535.64,2377.360521,19886.93197,2.47976E+11,4.82502E+12,,
7,36,2025-07-23 21:56,1764535.77,2387.010604,19907.30547,2.47976E+11,4.82502E+12,,
8,36,2025-07-23 21:56,1764536.04,2399.666792,19965.80864,2.47976E+11,4.82502E+12,,
9,36,2025-07-23 21:56,1764535.54,2370.939813,19862.38054,2.47976E+11,4.82502E+12,,
10,36,2025-07-23 21:56,1764535.78,2392.477979,19907.30547,2.47976E+11,4.82502E+12,,
1,37,2025-07-23 21:57,1764579.41,2397.314958,19796.65613,2.47976E+11,4.82502E+12,,
2,37,2025-07-23 21:57,1764579.44,2396.058208,19796.65613,2.47976E+11,4.82502E+12,,
3,37,2025-07-23 21:57,1764579.03,2360.661354,19687.8377,2.47976E+11,4.82502E+12,,
4,37,2025-07-23 21:57,1764579.18,2389.418375,19762.30298,2.47976E+11,4.82502E+12,,
5,37,2025-07-23 21:57,1764579.01,2359.854813,19687.33798,2.47976E+11,4.82502E+12,,
6,37,2025-07-23 21:57,1764579.09,2381.656625,19719.43834,2.47976E+11,4.82502E+12,,
7,37,2025-07-23 21:57,1764579.13,2382.592083,19746.89792,2.47976E+11,4.82502E+12,,
8,37,2025-07-23 21:57,1764579.32,2397.577833,19794.07565,2.47976E+11,4.82502E+12,,
9,37,2025-07-23 21:57,1764579.09,2380.17225,19719.43834,2.47976E+11,4.82502E+12,,
10,37,2025-07-23 21:57,1764579.1,2382.621563,19719.43834,2.47976E+11,4.82502E+12,,
1,38,2025-07-23 21:57,1764623.15,2394.988333,19892.7401,2.47976E+11,4.82503E+12,,
2,38,2025-07-23 21:57,1764622.94,2390.323771,19832.40192,2.47976E+11,4.82503E+12,,
3,38,2025-07-23 21:57,1764622.72,2370.44375,19790.62682,2.47976E+11,4.82503E+12,,
4,38,2025-07-23 21:57,1764622.76,2370.356917,19790.87258,2.47976E+11,4.82503E+12,,
5,38,2025-07-23 21:57,1764622.7,2371.448208,19777.79814,2.47976E+11,4.82503E+12,,
6,38,2025-07-23 21:57,1764622.85,2382.539437,19830.33754,2.47976E+11,4.82503E+12,,
7,38,2025-07-23 21:57,1764622.86,2384.788646,19830.85363,2.47976E+11,4.82503E+12,,
8,38,2025-07-23 21:57,1764623.09,2397.016563,19893.77229,2.47976E+11,4.82503E+12,,
9,38,2025-07-23 21:57,1764622.76,2365.633562,19790.87258,2.47976E+11,4.82503E+12,,
10,38,2025-07-23 21:57,1764622.95,2392.046938,19832.40192,2.47976E+11,4.82503E+12,,
1,39,2025-07-23 21:57,1764666.55,2395.669604,19905.56877,2.47976E+11,4.82503E+12,,
2,39,2025-07-23 21:57,1764690.35,2400.001646,20361.71981,2.47976E+11,4.82503E+12,,
3,39,2025-07-23 21:57,1764666.01,2365.102854,19825.27078,2.47976E+11,4.82503E+12,,
4,39,2025-07-23 21:57,1764666.41,2387.338146,19892.03558,2.47976E+11,4.82503E+12,,
5,39,2025-07-23 21:57,1764665.99,2364.274979,19817.3655,2.47976E+11,4.82503E+12,,
6,39,2025-07-23 21:57,1764666.23,2379.030688,19874.06234,2.47976E+11,4.82503E+12,,
7,39,2025-07-23 21:57,1764666.25,2374.717292,19858.65728,2.47976E+11,4.82503E+12,,
8,39,2025-07-23 21:57,1764666.7,2399.999979,19944.98048,2.47976E+11,4.82503E+12,,
9,39,2025-07-23 21:57,1764666.03,2365.515708,19840.92979,2.47976E+11,4.82503E+12,,
10,39,2025-07-23 21:57,1764666.46,2395.364188,19895.64826,2.47976E+11,4.82503E+12,,
1,40,2025-07-23 21:57,1764713.79,2393.713875,19912.79821,2.47976E+11,4.82503E+12,,
2,40,2025-07-23 21:57,1764713.85,2394.051521,19927.4455,2.47976E+11,4.82503E+12,,
3,40,2025-07-23 21:57,1764713.54,2367.252125,19853.71341,2.47976E+11,4.82503E+12,,
4,40,2025-07-23 21:57,1764713.85,2392.888688,19927.4455,2.47976E+11,4.82503E+12,,
5,40,2025-07-23 21:57,1764713.43,2360.518333,19834.94144,2.47976E+11,4.82503E+12,,
6,40,2025-07-23 21:57,1764713.71,2384.148396,19867.84461,2.47976E+11,4.82503E+12,,
7,40,2025-07-23 21:57,1764713.69,2379.519854,19867.84461,2.47976E+11,4.82503E+12,,
8,40,2025-07-23 21:57,1764714.02,2397.053896,19976.00358,2.47976E+11,4.82503E+12,,
9,40,2025-07-23 21:57,1764713.62,2372.426271,19867.32851,2.47976E+11,4.82503E+12,,
10,40,2025-07-23 21:57,1764713.77,2391.412125,19911.76602,2.47976E+11,4.82503E+12,,
1,41,2025-07-23 21:58,1764760.39,2395.794312,20023.05024,2.47976E+11,4.82503E+12,,
2,41,2025-07-23 21:58,1764760.33,2396.227146,20025.72083,2.47976E+11,4.82503E+12,,
3,41,2025-07-23 21:58,1764759.9,2377.975583,19917.59872,2.47976E+11,4.82503E+12,,
4,41,2025-07-23 21:58,1764760.11,2379.205229,19959.75885,2.47976E+11,4.82503E+12,,
5,41,2025-07-23 21:58,1764759.66,2358.248875,19896.04966,2.47976E+11,4.82503E+12,,
6,41,2025-07-23 21:58,1764759.95,2378.079521,19919.90477,2.47976E+11,4.82503E+12,,
7,41,2025-07-23 21:58,1764759.99,2384.226562,19920.92467,2.47976E+11,4.82503E+12,,
8,41,2025-07-23 21:58,1764760.62,2398.633729,20058.87795,2.47976E+11,4.82503E+12,,
9,41,2025-07-23 21:58,1764759.95,2376.61925,19918.35648,2.47976E+11,4.82503E+12,,
10,41,2025-07-23 21:58,1764760.04,2382.780438,19953.50016,2.47976E+11,4.82503E+12,,
1,42,2025-07-23 21:58,1764832.49,2398.589979,21255.68,2.47976E+11,4.82503E+12,,
2,42,2025-07-23 21:58,1764830.58,2374.86825,21079.58067,2.47976E+11,4.82503E+12,,
3,42,2025-07-23 21:58,1764830.95,2387.796688,21157.7897,2.47976E+11,4.82503E+12,,
4,42,2025-07-23 21:58,1764830.43,2376.011292,21062.88128,2.47976E+11,4.82503E+12,,
5,42,2025-07-23 21:58,1764830.47,2383.029979,21076.73805,2.47976E+11,4.82503E+12,,
6,42,2025-07-23 21:58,1764830.35,2373.625521,21046.05491,2.47976E+11,4.82503E+12,,
7,42,2025-07-23 21:58,1764830.78,2388.836208,21148.32794,2.47976E+11,4.82503E+12,,
8,42,2025-07-23 21:58,1764830.5,2378.820437,21063.91347,2.47976E+11,4.82503E+12,,
9,42,2025-07-23 21:58,1764831.41,2393.362354,21200.53965,2.47976E+11,4.82503E+12,,
10,42,2025-07-23 21:58,1764830.44,2376.851562,21060.10829,2.47976E+11,4.82503E+12,,
1,43,2025-07-23 21:58,1764890.3,2384.901604,21824.14336,2.47976E+11,4.82503E+12,,
2,43,2025-07-23 21:58,1764890.5,2398.366042,21858.07053,2.47976E+11,4.82503E+12,,
3,43,2025-07-23 21:58,1764889.67,2370.244208,21742.14963,2.47976E+11,4.82503E+12,,
4,43,2025-07-23 21:58,1764890.3,2397.929646,21834.08435,2.47976E+11,4.82503E+12,,
5,43,2025-07-23 21:58,1764889.62,2362.90525,21727.24429,2.47976E+11,4.82503E+12,,
6,43,2025-07-23 21:58,1764890.04,2374.565979,21799.04307,2.47976E+11,4.82503E+12,,
7,43,2025-07-23 21:58,1764889.68,2374.474396,21741.63354,2.47976E+11,4.82503E+12,,
8,43,2025-07-23 21:58,1764890.56,2396.167854,21866.7049,2.47976E+11,4.82503E+12,,
9,43,2025-07-23 21:58,1764889.73,2370.42475,21770.1376,2.47976E+11,4.82503E+12,,
10,43,2025-07-23 21:58,1764890.06,2380.495563,21791.24838,2.47976E+11,4.82503E+12,,
1,44,2025-07-23 21:58,1764934.36,2390.499208,21846.36416,2.47976E+11,4.82503E+12,,
2,44,2025-07-23 21:58,1764934.55,2395.253312,21850.49293,2.47976E+11,4.82503E+12,,
3,44,2025-07-23 21:58,1764933.87,2364.610604,21737.4679,2.47976E+11,4.82503E+12,,
4,44,2025-07-23 21:58,1764934.38,2389.592917,21819.16262,2.47976E+11,4.82503E+12,,
5,44,2025-07-23 21:58,1764933.84,2366.896563,21737.4679,2.47976E+11,4.82503E+12,,
6,44,2025-07-23 21:58,1764934.06,2378.273479,21798.07232,2.47976E+11,4.82503E+12,,
7,44,2025-07-23 21:58,1764933.89,2366.2885,21750.56691,2.47976E+11,4.82503E+12,,
8,44,2025-07-23 21:58,1764934.83,2398.271271,21881.78637,2.47976E+11,4.82503E+12,,
9,44,2025-07-23 21:58,1764933.98,2379.394063,21769.38803,2.47976E+11,4.82503E+12,,
10,44,2025-07-23 21:58,1764934.38,2389.592917,21819.16262,2.47976E+11,4.82503E+12,,
1,45,2025-07-23 21:59,1764978.56,2394.019354,21837.58234,2.47976E+11,4.82503E+12,,
2,45,2025-07-23 21:59,1764978.84,2397.375375,21883.72787,2.47976E+11,4.82503E+12,,
3,45,2025-07-23 21:59,1764978.18,2369.063396,21768.71219,2.47976E+11,4.82503E+12,,
4,45,2025-07-23 21:59,1764978.7,2394.523583,21870.20698,2.47976E+11,4.82503E+12,,
5,45,2025-07-23 21:59,1764978.1,2361.826437,21754.5769,2.47976E+11,4.82503E+12,,
6,45,2025-07-23 21:59,1764978.34,2374.234083,21800.30874,2.47976E+11,4.82503E+12,,
7,45,2025-07-23 21:59,1764978.22,2371.71725,21781.2951,2.47976E+11,4.82503E+12,,
8,45,2025-07-23 21:59,1764978.68,2392.743208,21868.41702,2.47976E+11,4.82503E+12,,
9,45,2025-07-23 21:59,1764978.23,2385.816813,21798.03136,2.47976E+11,4.82503E+12,,
10,45,2025-07-23 21:59,1764978.62,2391.309458,21836.81229,2.47976E+11,4.82503E+12,,
1,46,2025-07-23 21:59,1765023.26,2383.431583,21869.45331,2.47976E+11,4.82503E+12,,
2,46,2025-07-23 21:59,1765023.75,2400.000229,21942.43174,2.47976E+11,4.82503E+12,,
3,46,2025-07-23 21:59,1765022.78,2369.631437,21817.02451,2.47976E+11,4.82503E+12,,
4,46,2025-07-23 21:59,1765023.59,2393.031833,21920.84582,2.47976E+11,4.82503E+12,,
5,46,2025-07-23 21:59,1765022.71,2366.898063,21801.09517,2.47976E+11,4.82503E+12,,
6,46,2025-07-23 21:59,1765023.25,2386.125375,21870.21926,2.47976E+11,4.82503E+12,,
7,46,2025-07-23 21:59,1765022.97,2370.763771,21848.61696,2.47976E+11,4.82503E+12,,
8,46,2025-07-23 21:59,1765023.87,2398.349292,21942.94784,2.47976E+11,4.82503E+12,,
9,46,2025-07-23 21:59,1765022.79,2364.436521,21818.04851,2.47976E+11,4.82503E+12,,
10,46,2025-07-23 21:59,1765023.37,2383.678708,21884.59622,2.47976E+11,4.82503E+12,,
1,47,2025-07-23 21:59,1765067.68,2386.282292,21895.77011,2.47976E+11,4.82503E+12,,
2,47,2025-07-23 21:59,1765068.19,2397.570188,21958.7543,2.47976E+11,4.82503E+12,,
3,47,2025-07-23 21:59,1765067.31,2360.103146,21825.69984,2.47976E+11,4.82503E+12,,
4,47,2025-07-23 21:59,1765067.66,2387.823917,21895.25402,2.47976E+11,4.82503E+12,,
5,47,2025-07-23 21:59,1765067.32,2360.014708,21825.69984,2.47976E+11,4.82503E+12,,
6,47,2025-07-23 21:59,1765067.56,2375.167354,21879.85306,2.47976E+11,4.82503E+12,,
7,47,2025-07-23 21:59,1765067.42,2369.629917,21849.8007,2.47976E+11,4.82503E+12,,
8,47,2025-07-23 21:59,1765068.01,2396.772667,21941.85421,2.47976E+11,4.82503E+12,,
9,47,2025-07-23 21:59,1765067.42,2373.745646,21865.72186,2.47976E+11,4.82503E+12,,
10,47,2025-07-23 21:59,1765067.8,2389.751063,21924.9664,2.47976E+11,4.82503E+12,,
1,48,2025-07-23 21:59,1765112.26,2387.934313,21920.81715,2.47976E+11,4.82503E+12,,
2,48,2025-07-23 21:59,1765112.8,2399.684042,21983.27296,2.47976E+11,4.82503E+12,,
3,48,2025-07-23 21:59,1765111.84,2368.184687,21834.77658,2.47976E+11,4.82503E+12,,
4,48,2025-07-23 21:59,1765112.3,2391.050125,21938.02854,2.47976E+11,4.82503E+12,,
5,48,2025-07-23 21:59,1765111.8,2369.314,21833.54778,2.47976E+11,4.82503E+12,,
6,48,2025-07-23 21:59,1765112.07,2381.473104,21890.50266,2.47976E+11,4.82503E+12,,
7,48,2025-07-23 21:59,1765112.01,2376.594021,21877.42003,2.47976E+11,4.82503E+12,,
8,48,2025-07-23 21:59,1765112.56,2389.747417,21959.87661,2.47976E+11,4.82503E+12,,
9,48,2025-07-23 21:59,1765111.88,2373.729229,21862.51878,2.47976E+11,4.82503E+12,,
10,48,2025-07-23 21:59,1765112.11,2383.130125,21905.65376,2.47976E+11,4.82503E+12,,
1,49,2025-07-23 22:00,1765156.51,2387.599229,21918.3145,2.47976E+11,4.82503E+12,,
2,49,2025-07-23 22:00,1765156.91,2399.279375,21997.47379,2.47976E+11,4.82503E+12,,
3,49,2025-07-23 22:00,1765156.01,2370.809375,21842.57126,2.47976E+11,4.82503E+12,,
4,49,2025-07-23 22:00,1765156.63,2393.5685,21951.45933,2.47976E+11,4.82503E+12,,
5,49,2025-07-23 22:00,1765156.02,2364.563229,21849.62458,2.47976E+11,4.82503E+12,,
6,49,2025-07-23 22:00,1765156.32,2375.584292,21889.61792,2.47976E+11,4.82503E+12,,
7,49,2025-07-23 22:00,1765156.23,2374.139063,21888.58573,2.47976E+11,4.82503E+12,,
8,49,2025-07-23 22:00,1765156.74,2398.329188,21955.55533,2.47976E+11,4.82503E+12,,
9,49,2025-07-23 22:00,1765156.09,2363.463583,21872.39014,2.47976E+11,4.82503E+12,,
10,49,2025-07-23 22:00,1765156.46,2382.573625,21915.48006,2.47976E+11,4.82503E+12,,
1,50,2025-07-23 22:00,1765200.91,2390.189375,21960.75315,2.47976E+11,4.82503E+12,,
2,50,2025-07-23 22:00,1765201.18,2397.042458,21983.91194,2.47976E+11,4.82503E+12,,
3,50,2025-07-23 22:00,1765200.33,2372.948521,21882.46221,2.47976E+11,4.82503E+12,,
4,50,2025-07-23 22:00,1765200.7,2379.81325,21938.87642,2.47976E+11,4.82503E+12,,
5,50,2025-07-23 22:00,1765200.28,2363.032958,21869.37549,2.47976E+11,4.82503E+12,,
6,50,2025-07-23 22:00,1765200.55,2377.771625,21909.34835,2.47976E+11,4.82503E+12,,
7,50,2025-07-23 22:00,1765200.6,2374.190708,21913.54266,2.47976E+11,4.82503E+12,,
8,50,2025-07-23 22:00,1765201.25,2400.000125,22015.51667,2.47976E+11,4.82503E+12,,
9,50,2025-07-23 22:00,1765200.36,2372.295562,21882.70797,2.47976E+11,4.82503E+12,,
10,50,2025-07-23 22:00,1765201.06,2393.542042,21979.52512,2.47976E+11,4.82503E+12,,